Carimbo de data/hora; VOCÊ ACEITARIA PARTICIPAR DA NOSSA PESQUISA ?;Idade;POSSUI ALGUMA DEFICIÊNCIA?;Reside em Coari?;Se a resposta for não, especificar cidade:;VOCÊ SE AUTODECLARA ; RENDA FAMILIAR MENSAL (A SOMA DE TODAS AS PESSOAS QUE RECEBEM E MORAM COM VOCÊ);QUANTAS PESSOAS, INCLUINDO VOCÊ, VIVEM DA RENDA MENSAL DE SUA FAMILÍA?;NÍVEL DE ESCOLARIDADE;QUAL A NATUREZA DA INSTITUIÇÃO EM QUE VOCÊ CURSOU O ENSINO FUNDAMENTAL E MÉDIO?;VOCÊ TEM INTERESSE EM CURSAR LICENCIATURA EM PEDAGOGIA? POR QUÊ?;SE A RESPOSTA ANTERIOR FOR SIM, QUAL O TURNO;VOCÊ TERIA INTERESSE EM OUTRO CURSO? QUAL?;COMO VOCÊ AVALIA A IMPLEMENTAÇÃO DO CURSO DE LICENCIATURA EM PEDAGOGIA NO ISB?;AS UNIVERSIDADES PARTICULARES OFERTAM CURSO DE PEDAGOGIA, O QUE TE IMPEDIU DE CURSAR?
2/28/2025 17:33:06;Sim;entre 15 e 24 anos;Não;Sim;;Parda;02 a 04 salários-mínimos;5 pessoas;Médio completo;Todas em instituição pública;não ;;Enfermagem ;Muito importante;Mensalidade 
2/28/2025 17:41:16;Sim;entre 15 e 24 anos;Não;Sim;;Parda;Menos de 02 salários-mínimos;Mais de 5 pessoas;Superior incompleto;Todas em instituição pública;não tenho;;já faço enfermagem ;Muito importante;eu já fiz na particular dois períodos com bolsa de 100%. nada me impediu.
2/28/2025 17:41:51;Sim;mais de 40 anos;Não;Sim;;Preta;02 a 04 salários-mínimos;1 pessoa;Mestrado;Todas em instituição pública;Sim, tenho interesse em cursar Licenciatura em Pedagogia porque gosto da área da educação e quero contribuir para a formação de crianças e jovens. Acredito que a pedagogia me dará conhecimentos sobre metodologias de ensino, psicologia da aprendizagem e gestão educacional, preparando-me para atuar de forma eficaz na sala de aula ou em outras áreas da educação.;Noturno;Educação física;Muito importante;Questão financeiro
2/28/2025 17:41:55;Sim;entre 15 e 24 anos;Não;Sim;;Parda;Menos de 02 salários-mínimos;4 pessoas;Médio incompleto;Todas em instituição pública;Sim, pois é um curso que desperta meu interesse além de ser bastante amplo em oportunidades ;Noturno;;Muito importante;Situações financeiras 
2/28/2025 17:42:41;Sim;entre 25 e 30 anos;Não;Não;Tefé ;Preta;Menos de 02 salários-mínimos;4 pessoas;Médio completo;Todas em instituição pública;Sim, pois gostaria de trabalhar com crianças ;Vespertino;Biotecnologia ;Muito importante;Renda mensal 
2/28/2025 17:43:42;Sim;entre 15 e 24 anos;Não;Sim;;Branca;04 a 06 salários-mínimos;3 pessoas;Superior incompleto;Parte em instituição pública e parte privada;sim;Matutino;Pscicologia ;Muito importante;
2/28/2025 17:44:16;Sim;entre 25 e 30 anos;Não;Sim;;Parda;Menos de 02 salários-mínimos;4 pessoas;Médio completo;Todas em instituição pública;É uma área que me identifico muito, em relação ao ensinar e aprender!;Noturno;;Muito importante;A Renda familiar.
2/28/2025 17:44:35;Sim;entre 31 e 40 anos;Não;Sim;;Indígena;Menos de 02 salários-mínimos;5 pessoas;Médio completo;Todas em instituição pública;Sim. Um curso que sempre tive vontade de fazer;Diurno;;Muito importante;Condições financeiras 
2/28/2025 17:49:14;Sim;entre 31 e 40 anos;Não;Sim;;Parda;02 a 04 salários-mínimos;4 pessoas;Superior completo;Todas em instituição pública;Não, por que em Coari já tem demais pedagogo;;Tecnologia da informação ;Sem necessidade;Não tenho interesse 
2/28/2025 17:49:48;Sim;entre 15 e 24 anos;Não;Sim;;Preta;02 a 04 salários-mínimos;4 pessoas;Superior completo;Todas em instituição pública;Não. Não acho um curso atrativo quanto aos que já estão no ISB. Mas concordo que a uma demanda de procura pra esse curso, e mais ainda para o curso de Educação física.;Diurno;Educação Física ;Indiferente;
2/28/2025 17:50:59;Sim;entre 15 e 24 anos;Não;Não;Alvarães;Parda;Menos de 02 salários-mínimos;5 pessoas;Superior incompleto;Todas em instituição pública;Não tenho interesse;;Educação Física ;Importante;
2/28/2025 17:51:39;Sim;entre 25 e 30 anos;Não;Sim;;Indígena;Menos de 02 salários-mínimos;2 pessoas;Médio completo;Todas em instituição pública;Não;;Fonoaudiologia;Muito importante;
2/28/2025 17:52:23;Sim;entre 25 e 30 anos;Não;Não;Tefé-Am ;Parda;Menos de 02 salários-mínimos;4 pessoas;Superior completo;Todas em instituição pública;"

Quero trabalhar com pedagogia porque acredito que a educação transforma vidas. Tenho paixão por ensinar e desejo ajudar as crianças a desenvolver seu potencial em um ambiente inclusivo e inspirador";Diurno;Biotecnologia ;Muito importante;Varios montivos um deles a minha renda 
2/28/2025 17:52:56;Sim;entre 31 e 40 anos;Não;Sim;;Parda;Menos de 02 salários-mínimos;4 pessoas;Médio completo;Todas em instituição pública;E a ária que me indentifico;Noturno;Administração ;Muito importante;Nao
2/28/2025 17:54:05;Sim;mais de 40 anos;Não;Sim;Coari;Parda;02 a 04 salários-mínimos;1 pessoa;Superior completo;Todas em instituição pública;Sim, profissão ;Noturno;Psicologia ;Muito importante;Falta de recurso
2/28/2025 17:55:00;Sim;mais de 40 anos;Não;Sim;;Parda;Menos de 02 salários-mínimos;4 pessoas;Superior completo;Todas em instituição pública;Quero trabalhar com ensino fundamental I;Noturno;Educação Especial ;Muito importante;Sem renda 
2/28/2025 17:58:22;Sim;entre 25 e 30 anos;Não;Sim;;Parda;Menos de 02 salários-mínimos;Mais de 5 pessoas;Superior incompleto;Todas em instituição pública;Porque eu dou aula para crianças e jovens na minha igreja, isso me despertou o interesse pela área.;Noturno;Enfermagem ou medicina ;Muito importante;Nao tenho recurso para pagar o curso.
2/28/2025 18:04:39;Sim;entre 25 e 30 anos;Não;Sim;;Parda;Menos de 02 salários-mínimos;4 pessoas;Superior completo;Todas em instituição pública;Sim. É uma área que abre grande leque de oportunidades, e seria um complemento pra que é formado em área específica. ;Noturno;Educação física ;Muito importante;O auto valor da mensalidade. 
2/28/2025 18:05:25;Sim;entre 31 e 40 anos;Não;Sim;;Indígena;02 a 04 salários-mínimos;4 pessoas;Superior completo;Todas em instituição pública;Não ;;Sim;Sem necessidade;Ja cursei 
2/28/2025 18:07:50;Sim;entre 31 e 40 anos;Não;Sim;;Parda;Menos de 02 salários-mínimos;4 pessoas;Superior completo;Todas em instituição pública;Não, mas minha esposa sim. ;Noturno;Odontologia;Muito importante;Sim, os valores comprados. 
2/28/2025 18:12:16;Sim;entre 25 e 30 anos;Não;Sim;;Parda;Menos de 02 salários-mínimos;5 pessoas;Médio completo;Todas em instituição pública;ME INDENTIFICO COM A ÁREA ;Noturno;PSICOLOGIA ;Muito importante;Dificuldade financeira 
2/28/2025 18:13:58;Sim;entre 31 e 40 anos;Não;Sim;;Parda;Menos de 02 salários-mínimos;3 pessoas;Superior incompleto;Todas em instituição pública;Ser pedagoga;Noturno;;Muito importante;Não tenho dinheiro pra mensalidade
2/28/2025 18:15:08;Sim;entre 15 e 24 anos;Não;Sim;;Parda;Menos de 02 salários-mínimos;4 pessoas;Superior incompleto;Todas em instituição pública;Sim, pois o curso ajudará muita na educação na região norte do país... como vemos tem uma escassez de profissionais na área ;Diurno;Psicologia ;Importante;Renda da familia foi insuficiente para os gastos mensais 
2/28/2025 18:15:59;Sim;entre 15 e 24 anos;Não;Sim;;Branca;02 a 04 salários-mínimos;5 pessoas;Médio completo;Parte em instituição pública e parte privada;sim,porque adoro a área relacionada ao ensino ;Noturno;licenciatura em biologia e química;Muito importante;falta de renda
2/28/2025 18:17:44;Sim;entre 15 e 24 anos;Não;Sim;;Indígena;Menos de 02 salários-mínimos;Mais de 5 pessoas;Superior incompleto;Todas em instituição pública;Sim, pois irá complementar minha carreira profissional na área da educação. Assim como também ira me ajudar meu desenvolvimento e compreender melhor os deveres de ser um profissional da educação.;Noturno;Sim, logística ou administração;Muito importante;Horário, valor da mensalidade elevado e baixa qualidade de ensino
2/28/2025 18:18:22;Sim;entre 31 e 40 anos;Não;Sim;;Parda;Menos de 02 salários-mínimos;3 pessoas;Superior incompleto;Todas em instituição pública;SIM;Noturno;NAO;Muito importante;A TAXA DA MENSALIDADE, OU CONDIÇÕES PARA PAGAR.
2/28/2025 18:18:50;Sim;mais de 40 anos;Não;Sim;;Parda;02 a 04 salários-mínimos;3 pessoas;Superior incompleto;Todas em instituição pública;Sim! Porque para uma oportunidade de Emprego ;Noturno;Comunicação Social;Muito importante;O finaceiro
2/28/2025 18:20:17;Sim;entre 25 e 30 anos;Não;Sim;;Parda;02 a 04 salários-mínimos;3 pessoas;Mestrado;Todas em instituição pública;Interesse na área educacional ;Noturno;Educação física ;Muito importante;
2/28/2025 18:22:39;Sim;entre 31 e 40 anos;Não;Sim;;Parda;02 a 04 salários-mínimos;2 pessoas;Superior completo;Todas em instituição pública;Sim. Novos cursos sempre são bem vindos. Pode agregar muito na vida das pessoas. Trazer novas experiências e contribuir muito com a sociedade.;Noturno;Teria em cursos de pós-graduação. ;Importante;
2/28/2025 18:28:05;Sim;mais de 40 anos;Não;Sim;;Parda;Menos de 02 salários-mínimos;1 pessoa;Superior completo;Todas em instituição pública;Sim;Noturno;História;Muito importante;São todos EAD
2/28/2025 18:36:29;Sim;entre 15 e 24 anos;Não;Sim;;Parda;Menos de 02 salários-mínimos;4 pessoas;Médio incompleto;Todas em instituição pública;Não ;;Sim, farmácia ;Pouco relevante;Muitas ofertam mas optei por outra licenciatura 
2/28/2025 18:47:28;Sim;entre 15 e 24 anos;Não;Sim;;Indígena;Menos de 02 salários-mínimos;2 pessoas;Médio completo;Todas em instituição pública;Não ;;Sim, odontologia ;Pouco relevante;Não queria cursar 
2/28/2025 18:49:28;Sim;entre 15 e 24 anos;Não;Sim;;Parda;Menos de 02 salários-mínimos;3 pessoas;Médio completo;Todas em instituição pública;Não, mas gostaria que a universidade ofertasse esse curso, pois abrirá mais oportunidades para a educação ;;Design ;Muito importante;Eu apenas queria fisioterapia na Ufam mesmo, mas pedagogia é uma ótima oportunidade 
2/28/2025 18:52:35;Sim;mais de 40 anos;Não;Sim;;Parda;Menos de 02 salários-mínimos;3 pessoas;Superior completo;Todas em instituição pública;Sim;Noturno;TI;Muito importante;O recurso financeiro e pela forma de ser a distância. Ainda sou do tempo de participa da aula interagir com o professor.
2/28/2025 19:07:34;Sim;entre 15 e 24 anos;Não;Sim;;Indígena;02 a 04 salários-mínimos;Mais de 5 pessoas;Superior incompleto;Todas em instituição pública;Sim;Diurno;Educação física ;Muito importante;Dinheiro
2/28/2025 19:16:25;Sim;entre 25 e 30 anos;Não;Sim;;Parda;Menos de 02 salários-mínimos;4 pessoas;Superior completo;Todas em instituição pública;Sim, sempre tiver interesse em cursar pedagogia pois ela pois ela tem várias áreas de atuação no mercado de trabalho.;Noturno;Psicologia, odontologia e gestão financeira.;Muito importante;Questão financeira.
2/28/2025 19:23:50;Sim;entre 31 e 40 anos;Não;Sim;;Parda;Menos de 02 salários-mínimos;2 pessoas;Superior completo;Todas em instituição pública;Não, primeiro no município tem muitos pedagogos desempregados, além  disso, muitas instituições oferecem esse curso no município.;;Psicologia.;Pouco relevante;Falta de interesse msm.
2/28/2025 19:34:28;Sim;entre 15 e 24 anos;Não;Sim;;Parda;Menos de 02 salários-mínimos;3 pessoas;Superior incompleto;Todas em instituição pública;Não, no momento estou cursando outro curso;;;Importante;Pedagogia nunca foi meu sonho, sempre me interessei mais pela área da saúde.
2/28/2025 19:38:25;Sim;entre 31 e 40 anos;Não;Sim;;Parda;04 a 06 salários-mínimos;3 pessoas;Superior completo;Todas em instituição pública;Acho que seria importante para o Município, temos carência de pedagogo. ;Noturno;Psicologia;Muito importante;Geralmente o que impede é valor da mensalidade
2/28/2025 19:46:28;Sim;entre 25 e 30 anos;Não;Não;Anamã-Am;Parda;Menos de 02 salários-mínimos;Mais de 5 pessoas;Superior completo;Todas em instituição pública;Sim, pois acredito que seja uma área que irá complementar a área no qual sou formado: professor de matemática e física. ;Noturno;Sim, Astronomia.;Muito importante;A falta de dinheiro e auxílios são os principais fatores.
2/28/2025 19:55:11;Sim;entre 15 e 24 anos;Não;Sim;;Parda;Menos de 02 salários-mínimos;4 pessoas;Superior incompleto;Todas em instituição pública;Não, pois já estou fazendo uma outra graduação.;;;Importante;Sim, mas faculdade não era uma opção.
2/28/2025 19:55:18;Sim;entre 25 e 30 anos;Não;Sim;;Indígena;02 a 04 salários-mínimos;4 pessoas;Superior incompleto;Todas em instituição pública;Para ter mais opções de trabalho ;Noturno;Ondotologia;Muito importante;Os cursos não são presenciais 
2/28/2025 19:58:17;Sim;entre 15 e 24 anos;Não;Sim;;Parda;02 a 04 salários-mínimos;5 pessoas;Superior completo;Todas em instituição pública;Não tenho a necessidade de cursar pedagogia ;;Eu tenho muito interesse no curso de Agronomia, e acredito que seja um curso bem importante para Coari, tendo em vista que na nossa região e nos municípios vizinhos a agricultura é bem predominante, logo se faz necessário um profissional formado em Agronomia para melhorar a produção etc...;Sem necessidade;Não é uma área ao qual desperta meu interesse 
2/28/2025 20:00:43;Sim;entre 15 e 24 anos;Não;Sim;;Indígena;Menos de 02 salários-mínimos;2 pessoas;Médio completo;Todas em instituição pública;Acredito que com a formação em pedagogia, principalmente na cidade de coari, vai ajudar demais as instituições que estão precisando de profissionais. Acredite tbm, que com a vinda desse curso, promoverá a realização de possíveis sonhos em um concurso público, bem como na linha de pesquisa em educação, as quais esta ajudaram a cidade a identificar as lacunas na educação.;Diurno;Sim! Educação Física e Filosofia, história e artes;Muito importante;Não me adequei a modalidade das disciplinas ofertada a distância 
2/28/2025 20:09:30;Sim;entre 25 e 30 anos;Não;Sim;;Parda;02 a 04 salários-mínimos;4 pessoas;Superior completo;Todas em instituição pública;Para contribuir com a Educação do Município de Coari;Noturno;;Muito importante;A maioria são Ead
2/28/2025 20:13:07;Sim;mais de 40 anos;Não;Sim;;Parda;02 a 04 salários-mínimos;4 pessoas;Superior completo;Todas em instituição pública;Gostaria que outras pessoas tivessem essa oportunidade ;;Arqueologia ;Muito importante;Já cursei
2/28/2025 20:18:57;Sim;entre 15 e 24 anos;Não;Sim;;Branca;Menos de 02 salários-mínimos;3 pessoas;Médio completo;Todas em instituição pública;Sim. Vejo a oportunidade de cursar este curso pois tenho desejo de ser professora e ser da área pedagógica, além de ter apenas particular em nossa cidade. ;Matutino;Sim, psicologia ;Muito importante;Falta de dinheiro para pagar 
2/28/2025 20:27:08;Sim;entre 31 e 40 anos;Não;Sim;;Parda;02 a 04 salários-mínimos;3 pessoas;Superior completo;Todas em instituição pública;Sim, muito! Admiro essa área ;Noturno;;Importante;
2/28/2025 20:34:26;Sim;entre 15 e 24 anos;Não;Sim;;Branca;Menos de 02 salários-mínimos;2 pessoas;Médio completo;Todas em instituição pública;Sim, gosto da profissão ;Matutino;Licenciatura em História ;Muito importante;Distância, passei pelo sisu, porém não tive condição de me mudar para a capital.
2/28/2025 20:36:35;Sim;entre 25 e 30 anos;Não;Sim;;Preta;02 a 04 salários-mínimos;3 pessoas;Superior completo;Todas em instituição pública;Porque é uma área do conhecimento que me identifico e tenho interesse em atuar!;Noturno;Não! ;Muito importante;Recurso financeiro 
2/28/2025 20:38:53;Sim;entre 15 e 24 anos;Não;Sim;;Indígena;Menos de 02 salários-mínimos;5 pessoas;Médio completo;Todas em instituição pública;Sim . Porque é uma área importante e posso repassar um  pouco do aprendizado.e atuar em diversas áreas, como a educação escolar, a consultoria, e o treinamento e desenvolvimento de pessoas. ;Diurno;Sim.Licenciatura em  Psicologia ;Muito importante;Estabilidade financeiras.
2/28/2025 20:41:48;Sim;entre 15 e 24 anos;Não;Sim;;Indígena;Menos de 02 salários-mínimos;Mais de 5 pessoas;Médio completo;Todas em instituição pública;Sim;Noturno;;Muito importante;
2/28/2025 20:56:10;Sim;entre 31 e 40 anos;Não;Sim;;Parda;Menos de 02 salários-mínimos;Mais de 5 pessoas;Médio completo;Todas em instituição pública;Sim. Acredito  que a educação  pode melhorar  o nosso país ;Noturno;Psicopedagogia ;Importante;Questão  financeira 
2/28/2025 21:05:19;Sim;entre 15 e 24 anos;Não;Sim;;Preta;02 a 04 salários-mínimos;5 pessoas;Médio completo;Todas em instituição pública;Não ;;Biomedicina;Pouco relevante;
2/28/2025 21:08:11;Não;entre 15 e 24 anos;Não;Sim;;Indígena;Menos de 02 salários-mínimos;5 pessoas;Médio completo;Todas em instituição pública;É um curso que nos possibilita diversas oportunidades no mercado de trabalho ;Matutino;Biologia e química ;Muito importante;O dinheiro
2/28/2025 21:18:13;Sim;mais de 40 anos;Não;Sim;;Parda;02 a 04 salários-mínimos;4 pessoas;Mestrado;Todas em instituição pública;Não ;;Psicologia ou odontologia;Sem necessidade;Curso de Pedagogia há muitas ofertas
2/28/2025 21:19:28;Sim;entre 15 e 24 anos;Não;Sim;;Parda;Menos de 02 salários-mínimos;3 pessoas;Superior completo;Todas em instituição pública;Sim, pois iria ajudar bastante na minha carreira como professora;Matutino;;Muito importante;Ajudas de custos, falta de dinheiro 
2/28/2025 21:28:23;Sim;entre 31 e 40 anos;Não;Sim;;Parda;04 a 06 salários-mínimos;5 pessoas;Superior completo;Todas em instituição pública;Já sou formada em pedagogia, mas acho muito importante que o curso seja ofertado ;Noturno;Direito;Muito importante;Oferecem sim, o ensino não ser muito bom
2/28/2025 21:39:36;Sim;entre 25 e 30 anos;Não;Sim;;Parda;Menos de 02 salários-mínimos;Mais de 5 pessoas;Superior completo;Todas em instituição pública;Sim, porque gosto de ensinar , aprender e a contribuir para a formação de outras pessoas . ;Noturno;Direito ;Muito importante;Sem condições financeiras . 
2/28/2025 21:51:49;Sim;mais de 40 anos;Não;Sim;;Parda;06 a 08 salários-mínimos;4 pessoas;Superior completo;Todas em instituição pública;Sim, pois quero ampliar  conhecimentos e contribuir para o ensino aprendizagem.;Noturno;Licenciatura em Educação Física ;Muito importante;
2/28/2025 22:06:49;Sim;entre 31 e 40 anos;Não;Sim;;Parda;Menos de 02 salários-mínimos;2 pessoas;Superior incompleto;Todas em instituição pública;Tenho interesse. É uma área profissional que me atrai bastante. Ainda não consegui fazer, pelo fato de a maioria das ofertas serem de instituições privadas.;Noturno;Psicologia ;Muito importante;A questão financeira, os valores das mensalidades sofrem alterações a cada semestre.
2/28/2025 22:22:00;Sim;entre 15 e 24 anos;Não;Sim;;Parda;Menos de 02 salários-mínimos;Mais de 5 pessoas;Médio completo;Todas em instituição pública;Sim, Para ajudar abrir porta de oportunidade para me no mercado do trabalho ;Noturno;Geografia ;Muito importante;Não ter condições para pagar.
2/28/2025 22:22:10;Sim;entre 25 e 30 anos;Não;Sim;;Parda;Menos de 02 salários-mínimos;2 pessoas;Superior completo;Todas em instituição pública;Sim, pois tenho vontade de ampliar minha área de atuação.;Noturno;Geografia ;Muito importante;Condição financeiras 
2/28/2025 22:30:05;Sim;entre 25 e 30 anos;Não;Sim;Codajás ;Parda;Menos de 02 salários-mínimos;2 pessoas;Superior completo;Todas em instituição pública;Não.;;Educação Física ;Pouco relevante;Já tem muitos profissionais na área. 
2/28/2025 22:35:50;Sim;entre 25 e 30 anos;Não;Sim;;Indígena;Menos de 02 salários-mínimos;5 pessoas;Superior incompleto;Todas em instituição pública;Porque é uma das áreas que bem procura no mercado de trabalho ;Vespertino;;Muito importante;
2/28/2025 22:37:31;Sim;entre 25 e 30 anos;Não;Sim;;Indígena;Menos de 02 salários-mínimos;3 pessoas;Médio completo;Todas em instituição pública;Trabalha na escola de maneira multidisciplinar.;Noturno;;Muito importante;Financeiro 
2/28/2025 22:37:48;Sim;entre 25 e 30 anos;Não;Sim;;Parda;Menos de 02 salários-mínimos;4 pessoas;Superior incompleto;Todas em instituição pública;Não tenho. Acho desnecessário esse curso no ISB. Mesmo tendo professores da área ;;Seria interessante cursos relacionados ao nome do instituto -ISB- Educação física, agronomia, odontologia, psicologia ;Sem necessidade;
2/28/2025 22:40:12;Sim;entre 31 e 40 anos;Não;Sim;;Parda;Menos de 02 salários-mínimos;5 pessoas;Médio completo;Todas em instituição pública;Sim e o meu maior desejo ;Noturno;Segurança do trabalho ;Muito importante;Recursos financieros 
2/28/2025 22:41:30;Sim;entre 25 e 30 anos;Não;Sim;;Parda;02 a 04 salários-mínimos;3 pessoas;Superior completo;Todas em instituição pública;Sim, já que é uma ampla área dentro da educação.;Noturno;Sim, Licenciatura em Letras-Português;Importante;Sim, falta de recursos financeiros
2/28/2025 22:47:19;Sim;entre 25 e 30 anos;Não;Sim;;Parda;Menos de 02 salários-mínimos;2 pessoas;Médio completo;Todas em instituição pública;Tenho sim, e uma área que gosto ;Vespertino;;Muito importante;Sem recurso pra pagar 
2/28/2025 22:48:57;Sim;mais de 40 anos;Não;Sim;;Parda;Menos de 02 salários-mínimos;4 pessoas;Superior incompleto;Todas em instituição pública;Não ;;Farmácia  Fonodiologo  Educação Física  Veterinário;Sem necessidade;Questão financeira.
2/28/2025 22:57:14;Sim;entre 31 e 40 anos;Não;Não;Manaus;Branca;06 a 08 salários-mínimos;1 pessoa;Superior completo;Parte em instituição pública e parte privada;Não ;;;Muito importante;
2/28/2025 23:01:27;Sim;entre 31 e 40 anos;Não;Sim;;Parda;02 a 04 salários-mínimos;2 pessoas;Superior completo;Todas em instituição pública;Para ampliar minha área de conhecimento ;Noturno;Pedagogia ;Muito importante;a questão financeira 
2/28/2025 23:31:59;Sim;entre 15 e 24 anos;Não;Sim;;Preta;02 a 04 salários-mínimos;3 pessoas;Superior incompleto;Todas em instituição pública;Não, pois sou já uma formanda do curso.;;;Muito importante;
2/28/2025 23:41:20;Sim;entre 15 e 24 anos;Não;Sim;;Indígena;Menos de 02 salários-mínimos;2 pessoas;Superior incompleto;Todas em instituição pública;Sim , pela paixão pela educação ;Noturno;Psicologia ;Muito importante;Não tenho condições de pagar a menina 
3/1/2025 0:41:10;Sim;entre 15 e 24 anos;Não;Sim;;Indígena;Menos de 02 salários-mínimos;1 pessoa;Superior incompleto;Todas em instituição pública;Sim, pois a pedagogia é uma área essencial que precisa de formação especializada, Coari atualmente tem Auta demanda de profissionais bons e que estejam comprometidos com a educação, e com servir a sociedade, acredito que a vinda do curso deve beneficiar a população local, certo que outras instituições privadas oferecem, mas não é público e nem luta por uma mínima equidade social. Que venhamos pensar no coletivo e não só em nós. ;Noturno;Direito ou psicologia ;Muito importante;A baixa renda, mas acredito que o ISB ofertando esse curso a noite beneficiaria os que precisam trabalhar durante o dia.
3/1/2025 1:02:11;Sim;entre 25 e 30 anos;Não;Sim;;Indígena;Menos de 02 salários-mínimos;4 pessoas;Superior incompleto;Todas em instituição pública;NAO TENHO INTERESSE, NAO RECEBO COM ESTIMA A IDEIA DE OFERTAR ESSE CURSO, ACHO QUE O ISB, TEM ESTRUTURA PARA UM OUTRO CURSO FORA PEDAGOGIA, OUTRAS UNIVERSIDADES JA OFERTAM E PELO QUE VEJO O MERCADO TA CHEIO DE PROFISSIONAIS NA ÁREA... ENGENHARIA AMBIENTAL OU FLORESTAL devido estarmos em uma região com poucos profissionais da area;;Engenharia ambiental e florestal;Sem necessidade;Eu não tive interresse
3/1/2025 2:10:40;Sim;entre 15 e 24 anos;Não;Sim;;Parda;Menos de 02 salários-mínimos;4 pessoas;Superior incompleto;Todas em instituição pública;Não ;;Educação Física ;Sem necessidade;Não tenho interesse 
3/1/2025 3:09:28;Sim;entre 31 e 40 anos;Não;Não;Tefé ;Parda;02 a 04 salários-mínimos;3 pessoas;Mestrado;Todas em instituição pública;Sim. Melhorar ainda mais o currículo.;Noturno;Medicina;Muito importante;Não acho o ensino particular de qualidade. Entre a opção de se formar em uma UNIP e uma UFAM, a preferencia sempre vai ser a UFAM devido sua qualidade anos-luz superior.
3/1/2025 6:21:56;Sim;entre 25 e 30 anos;Não;Não;Manaus;Parda;Menos de 02 salários-mínimos;1 pessoa;Superior completo;Todas em instituição pública;Não tenho, mas acho uma boa aquisição para a cidade e o ISB. ;;Licenciatura em Informática;Muito importante;Falta de Dinheiro
3/1/2025 6:54:21;Sim;entre 15 e 24 anos;Não;Sim;;Parda;Menos de 02 salários-mínimos;4 pessoas;Médio completo;Todas em instituição pública;Tenho, porque precisamos valorizar a área da educação, as faculdades particulares não trazem um ensino de qualidade, igual uma faculdade de nivel federal.;Vespertino;Um curso da área da computação. Exemplo Redes de computadores.;Muito importante;A falta de condição financeira.
3/1/2025 6:58:51;Sim;entre 25 e 30 anos;Não;Sim;;Parda;Menos de 02 salários-mínimos;3 pessoas;Superior completo;Todas em instituição pública;Sim;Diurno;;Muito importante;Vocês são federal 
3/1/2025 7:24:34;Sim;entre 25 e 30 anos;Não;Não;Codájas ;Indígena;02 a 04 salários-mínimos;2 pessoas;Superior completo;Todas em instituição pública;É uma área ampla na Educação.;Noturno;Mestrado de ciências ;Muito importante;Dinheiro 
3/1/2025 7:38:36;Sim;entre 31 e 40 anos;Não;Sim;;Parda;Menos de 02 salários-mínimos;5 pessoas;Superior incompleto;Todas em instituição pública;Sim ,eu comecei o curso na Unip,mas por condições financeiras eu não finalizei e se viesse pela UFAM seria muito bom para muitos alunos com poucas condições de pagar o curso ;Noturno;Sim cursos voltado na área de educação,como letras e libras ;Muito importante;Sim, eu comecei mas não finalizei por falta de recursos financeiros 
3/1/2025 8:30:42;Sim;entre 25 e 30 anos;Não;Sim;;Parda;02 a 04 salários-mínimos;5 pessoas;Superior completo;Todas em instituição pública;Sim, para aprimorar a minha formação e ampliar a minha área de atuação profissional. ;Noturno;Psicologia ;Muito importante;Tenho preferência por instituições de formação pública.
3/1/2025 8:47:01;Sim;entre 25 e 30 anos;Não;Sim;;Parda;02 a 04 salários-mínimos;Mais de 5 pessoas;Superior completo;Todas em instituição pública;Sim. Para ampliar o meu nível de atuação no mercado de trabalho. ;Noturno;Licenciatura em Educação Física.;Muito importante;O custo das mensalidades!
3/1/2025 8:52:20;Sim;entre 25 e 30 anos;Não;Não;Codajás ;Branca;Menos de 02 salários-mínimos;1 pessoa;Superior completo;Todas em instituição pública;Por que é um curso essencial para complementar a grade de um curso de licenciatura!;Diurno;Não ;Muito importante;Recursos financeiro para custea-la.
3/1/2025 9:44:55;Sim;entre 15 e 24 anos;Não;Sim;;Indígena;Menos de 02 salários-mínimos;1 pessoa;Médio completo;Todas em instituição pública;Creio que para quem busca uma vaga de emprego o curso abre muitas oportunidades ;Noturno;Direito, só não faço na Fametro pois não tenho condições ;Muito importante;Falta de recursos
3/1/2025 10:02:44;Sim;entre 31 e 40 anos;Não;Sim;;Parda;02 a 04 salários-mínimos;4 pessoas;Mestrado;Todas em instituição pública;Sou formado em pedagogia, e é importante que outros recebam essa oportunidade ;Matutino;Língua Estrangeira Inglês ;Muito importante;Finança 
3/1/2025 10:15:31;Sim;entre 25 e 30 anos;Não;Não;Manaus ;Indígena;Menos de 02 salários-mínimos;2 pessoas;Superior completo;Todas em instituição pública;Não, meu pai sim;Noturno;Medicina ;Muito importante;Condições socioeconômicas 
3/1/2025 11:06:14;Sim;entre 31 e 40 anos;Não;Sim;;Parda;Menos de 02 salários-mínimos;Mais de 5 pessoas;Superior completo;Todas em instituição pública;Sim, porque vejo que há uma grande necessidade na nossa cidade voltada para crianças especiais. ;Noturno;;Muito importante;A questão financeira.
3/1/2025 11:14:16;Sim;entre 25 e 30 anos;Não;Sim;;Parda;Menos de 02 salários-mínimos;2 pessoas;Médio completo;Todas em instituição pública;Sim;Matutino;Recursos humanos ;Muito importante;Nunca tinha me enteressado em cursar
3/1/2025 11:23:26;Sim;entre 25 e 30 anos;Não;Sim;;Parda;06 a 08 salários-mínimos;1 pessoa;Mestrado;Todas em instituição pública;Não. Porque o mercado já está saturado disso.;;Fonoaudiologia ou Farmácia;Sem necessidade;Porque realmente não quero 
3/1/2025 11:27:48;Sim;mais de 40 anos;Não;Sim;;Parda;02 a 04 salários-mínimos;3 pessoas;Superior completo;Todas em instituição privada;Fiz licenciatura em ciências agrárias, gostaria de dar aula.;Noturno;Não ;Muito importante;O custo muito alto
3/1/2025 11:58:07;Sim;entre 31 e 40 anos;Não;Sim;;Branca;04 a 06 salários-mínimos;3 pessoas;Mestrado;Todas em instituição pública;Não!!!! O instituto deveria melhorar a infraestrutura dos cursos já existente! ;;Melhorias dos cursos da saúde ;Sem necessidade;
3/1/2025 12:06:59;Sim;entre 31 e 40 anos;Não;Sim;;Preta;02 a 04 salários-mínimos;2 pessoas;Superior completo;Todas em instituição pública;Não. O mercado não paga bem.;;Odontologia;Sem necessidade;
3/1/2025 12:08:45;Sim;entre 31 e 40 anos;Não;Sim;;Branca;Mais de 08 salários-mínimos;2 pessoas;Mestrado;Todas em instituição privada;Capacitar para trabalhar com ensino;Noturno;Licenciatura em saúde pública, Terapia Ocupacional;Importante;Qualidade do ensino, EAD
3/1/2025 12:31:04;Sim;entre 25 e 30 anos;Não;Sim;;Parda;02 a 04 salários-mínimos;4 pessoas;Mestrado;Todas em instituição pública;Não vejo necessidade desse curso para o ISB COARI. Uma vez que há outras cursos da área da saúde que podem ser ofertado e ter uma demanda maior. Como Farmácia, Fonoaudiólogia, biomedicina. Educação Física e etc.;Diurno;Biomedicina, Farmacia, odontologia..;Sem necessidade;
3/1/2025 12:31:59;Sim;entre 15 e 24 anos;Não;Sim;;Indígena;Menos de 02 salários-mínimos;1 pessoa;Superior incompleto;Todas em instituição pública;Não, porque eu sempre quis fazer na área da saúde.;;;Indiferente;
3/1/2025 12:32:18;Sim;entre 31 e 40 anos;Não;Sim;;Indígena;Menos de 02 salários-mínimos;3 pessoas;Médio completo;Todas em instituição pública;Não, não faz sentido ter pedagogia, partindo do princípio que não é uma profissão valorizada! Poderia ter cursos como farmácia por exemplo.;;Farmácia ;Sem necessidade;Desvalorização da profissão
3/1/2025 12:40:05;Sim;entre 25 e 30 anos;Não;Não;;Parda;02 a 04 salários-mínimos;2 pessoas;Superior completo;Parte em instituição pública e parte privada;Não ;;Sim. Biomedicina, Farmácia;Pouco relevante;
3/1/2025 12:54:02;Sim;entre 31 e 40 anos;Não;Sim;;Parda;Menos de 02 salários-mínimos;Mais de 5 pessoas;Superior incompleto;Todas em instituição pública;Cursar a faculdade de Pedagogia é uma escolha enriquecedora e significativa para mim. Primeiramente, essa formação me permite atuar diretamente na formação e desenvolvimento de crianças, jovens e até adultos, contribuindo para a construção de um futuro melhor por meio da educação.;Diurno;Psicologia! Cursar a faculdade de Psicologia é uma decisão que considero extremamente valiosa e significativa para minha vida. Desde cedo, sempre tive um interesse profundo pelo comportamento humano e pela forma como as pessoas pensam e sentem. Acredito que entender a mente humana é fundamental para ajudar os outros a superar desafios emocionais e psicológicos.;Muito importante;A mensalidade 
3/1/2025 14:49:42;Sim;mais de 40 anos;Não;Sim;;Preta;06 a 08 salários-mínimos;2 pessoas;Mestrado;Todas em instituição pública;Por ser um curso que pode abrir oportunidades de emprego aqui na região do médio Solimões.;Matutino;;Muito importante;Financeiro.
3/1/2025 15:20:37;Sim;mais de 40 anos;Não;Sim;;Parda;Menos de 02 salários-mínimos;4 pessoas;Superior completo;Todas em instituição pública;Sim ;Vespertino;Letras;Muito importante;Alto custos 
3/1/2025 15:22:12;Sim;entre 15 e 24 anos;Não;Sim;;Parda;02 a 04 salários-mínimos;3 pessoas;Superior incompleto;Todas em instituição pública;Não ;;Com todo respeito ao curso e aos profissionais da área, mas primeiramente deveriam ajustar os cursos já existentes no ISB, tem cursos prestes a colapsar sem professor e os que tem, estão com cargas horárias exorbitantes. Os professores ficam sobrecarregados e os acadêmicos não recebem educação de qualidade. Após suprirem as demandas existentes, acredito que podem focar na implementação de novos cursos.;Sem necessidade;
3/1/2025 16:25:04;Sim;entre 31 e 40 anos;Não;Sim;;Branca;Mais de 08 salários-mínimos;4 pessoas;Doutorado;Todas em instituição pública;Não! ;;Sim, farmácia. ;Pouco relevante;
3/1/2025 16:31:09;Sim;entre 15 e 24 anos;Não;Sim;;Parda;Menos de 02 salários-mínimos;5 pessoas;Superior incompleto;Todas em instituição pública;Não, pq acho que não é essa profissão que o mercado exige para nossa região, seria mais que um sonho cursar agronomia, seria atender as exigências que a nossa região pede no mercado de trabalho(a agricultura em massa);;Agronomia !;Sem necessidade;Já existem muitos profissionais dessa área que atuam como professor de geografia, hitória e matemática, não teria sentido me formar nessa área se quando me formar eu atuar em outra área ...
3/1/2025 18:09:02;Sim;mais de 40 anos;Não;Sim;;Parda;02 a 04 salários-mínimos;3 pessoas;Superior completo;Todas em instituição pública;Sim, porque é na minha área ;Diurno;Psicopedagogia ;Muito importante;Financeiramente 
3/1/2025 19:17:26;Sim;entre 15 e 24 anos;Não;Sim;;Parda;Menos de 02 salários-mínimos;3 pessoas;Médio completo;Todas em instituição pública;Porque gosto de entender como as pessoas aprendem e quero explorar diferentes formas de ensinar.;Vespertino;Não tenho apenas o curso de pedagogia mesmo ;Muito importante;Como não tenho condições financeiras de pagar faculdade particular 
3/1/2025 20:27:12;Sim;entre 31 e 40 anos;Não;Sim;;Branca;06 a 08 salários-mínimos;1 pessoa;Doutorado;Todas em instituição pública;Não ;;;Indiferente;
3/1/2025 21:00:16;Sim;mais de 40 anos;Não;Não;Manaus;Parda;Mais de 08 salários-mínimos;1 pessoa;Mestrado;Todas em instituição pública;Eu não,  as cidades do interior necessitam;Matutino;outra Licenciatura ;Muito importante;x
3/1/2025 21:50:57;Sim;entre 25 e 30 anos;Não;Sim;;Parda;Menos de 02 salários-mínimos;3 pessoas;Fundamental completo;Todas em instituição pública;Sim;Diurno;Não ;Muito importante;O financeiro 
3/1/2025 22:14:27;Sim;entre 15 e 24 anos;Não;Sim;;Preta;02 a 04 salários-mínimos;5 pessoas;Médio completo;Todas em instituição pública;Não, mas conheço muitos amigos que gostariam de cursar ;Noturno;Letras - Língua Espanhola e Língua portuguesa;Pouco relevante;O horário 
3/1/2025 23:09:11;Sim;mais de 40 anos;Não;Sim;;Indígena;Menos de 02 salários-mínimos;5 pessoas;Superior completo;Todas em instituição pública;Será de grande valia ;Vespertino;Não ;Muito importante;Falta do condições financeiras 
3/1/2025 23:42:50;Sim;entre 31 e 40 anos;Não;Sim;;Indígena;Menos de 02 salários-mínimos;4 pessoas;Superior completo;Todas em instituição pública;Sim;Noturno;Licenciatura Infomatica;Muito importante;Nao tenho recurso suficiente 
3/3/2025 14:16:06;Sim;mais de 40 anos;Não;Sim;;Branca;Mais de 08 salários-mínimos;3 pessoas;Doutorado;Todas em instituição privada;Não ;;;Muito importante;
3/3/2025 14:20:24;Sim;mais de 40 anos;Não;Sim;;Branca;06 a 08 salários-mínimos;3 pessoas;Superior incompleto;Todas em instituição pública;Para me qualificar ;Diurno;Letras - português e inglês;Muito importante;Serem EAD, tenho dificuldades, preciso que seja presencial 
3/3/2025 15:17:45;Sim;mais de 40 anos;Não;Sim;;Branca;02 a 04 salários-mínimos;3 pessoas;Superior completo;Parte em instituição pública e parte privada;Por ter bastante campo de trabalho na regiao;Noturno;Gestao em RH;Muito importante;
3/4/2025 0:31:57;Sim;mais de 40 anos;Não;Sim;;Parda;Menos de 02 salários-mínimos;4 pessoas;Médio completo;Todas em instituição pública;Não ;;Psicologia ;Muito importante;O dinheiro
3/4/2025 15:20:44;Sim;entre 25 e 30 anos;Não;Não;Tefé-AM;Parda;Menos de 02 salários-mínimos;3 pessoas;Superior incompleto;Todas em instituição pública;Não, pois a área de licenciatura não é minha opção;;Já estou cursando Nutrição no ISB;Pouco relevante;
3/4/2025 17:30:07;Sim;entre 15 e 24 anos;Não;Não;Codajás ;Indígena;Menos de 02 salários-mínimos;Mais de 5 pessoas;Superior incompleto;Todas em instituição pública;Sim ;Matutino;Psicologia ;Muito importante;Recurso financeiro 
3/4/2025 18:18:05;Sim;entre 15 e 24 anos;Não;Sim;;Parda;Menos de 02 salários-mínimos;5 pessoas;Superior incompleto;Todas em instituição pública;Sim;Vespertino;Licenciatura em história ;Muito importante;Sim, a mensalidade 
3/5/2025 11:34:38;Sim;entre 15 e 24 anos;Não;Sim;;Parda;02 a 04 salários-mínimos;5 pessoas;Médio completo;Todas em instituição pública;Sim, pois é uma área muito ampla em quesito de atuar, então fazer pedagógica com certeza ampliará os empregos disponíveis;Matutino;Educação física ;Muito importante;Devido ser pago, a mensalidade é inviável dentro da minha atual condição financeira
3/5/2025 11:38:25;Sim;mais de 40 anos;Não;Sim;;Parda;Menos de 02 salários-mínimos;5 pessoas;Superior completo;Todas em instituição pública;Sim, porquê a demanda na educação precisa de profissionais nessa área ;Noturno;;Muito importante;
3/5/2025 11:45:06;Sim;entre 31 e 40 anos;Não;Sim;;Parda;Menos de 02 salários-mínimos;1 pessoa;Médio completo;Todas em instituição pública;Sim..meu sonho,amo área da educação ;Noturno;Inglesa ;Muito importante;Dinheiro 
3/5/2025 12:19:06;Sim;entre 25 e 30 anos;Não;Sim;;Parda;Menos de 02 salários-mínimos;2 pessoas;Superior incompleto;Todas em instituição pública; Não, pois sou de outra área, sou de exatas. ;;Ciências Contábeis ;Importante;Não tenho vontade de cursar esse curso 
3/5/2025 12:25:55;Sim;entre 15 e 24 anos;Não;Sim;;Parda;02 a 04 salários-mínimos;2 pessoas;Superior incompleto;Todas em instituição pública;Sim ;Vespertino;Não ;Muito importante;Orçamento 
3/5/2025 12:36:33;Sim;entre 25 e 30 anos;Sim;Sim;;Branca;Menos de 02 salários-mínimos;2 pessoas;Superior completo;Todas em instituição pública;sim! para ampliar meus conhecimentos.;Vespertino;não ;Muito importante;custo financeiro.
3/5/2025 12:54:09;Sim;entre 25 e 30 anos;Não;Sim;;Indígena;Menos de 02 salários-mínimos;4 pessoas;Superior incompleto;Todas em instituição pública;Sim, Por que irá fortalecer meu currículo ;Matutino;Pedagogia intercultural indigena;Muito importante;Custo benefício e um certificado federal pesa mais
3/5/2025 12:54:23;Sim;entre 15 e 24 anos;Não;Sim;;Indígena;Menos de 02 salários-mínimos;4 pessoas;Superior completo;Todas em instituição pública;Sim;Vespertino;Direito ;Muito importante;Muito caro
3/5/2025 13:04:53;Sim;entre 15 e 24 anos;Não;Sim;;Indígena;Menos de 02 salários-mínimos;4 pessoas;Médio completo;Todas em instituição pública;Sim .pois é muito importante a educação ;Matutino;Sim .enfermagem ;Importante;A necessidade financeira 
3/5/2025 13:34:40;Sim;mais de 40 anos;Não;Sim;;Parda;02 a 04 salários-mínimos;3 pessoas;Médio completo;Todas em instituição pública;Sim.Tenho interesse em Docência.;Noturno;Geografia;Muito importante;Recurso financeiro.
3/5/2025 14:23:04;Sim;entre 25 e 30 anos;Não;Sim;;Parda;Menos de 02 salários-mínimos;5 pessoas;Superior incompleto;Todas em instituição pública;Sim, é um curso que provavelmente é muito importante para sociedade.;Matutino;Não ;Muito importante;O cursos particulares são caros.então não tenho condições de pagar um curso particulares.
3/5/2025 14:23:25;Sim;entre 15 e 24 anos;Não;Sim;;Parda;Menos de 02 salários-mínimos;3 pessoas;Médio completo;Todas em instituição pública;"Sim
Sempre tive vontade ";Matutino;Odontologia ;Muito importante;Infelizmente nao tenho condições de pagar a alta mensalidade 
3/5/2025 14:33:16;Sim;entre 25 e 30 anos;Não;Sim;;Indígena;Menos de 02 salários-mínimos;4 pessoas;Superior incompleto;Todas em instituição pública;Sim;Noturno;Engenharia da computação;Muito importante;O valor da mensalidade
3/5/2025 14:52:42;Sim;entre 25 e 30 anos;Não;Sim;;Parda;Menos de 02 salários-mínimos;Mais de 5 pessoas;Superior completo;Todas em instituição pública;Sim! Porque abrange muitas oportunidades na área da educação.;Diurno;Sim! Ensino das Artes.;Importante;A condição de pagar.
3/5/2025 16:08:56;Sim;entre 15 e 24 anos;Não;Sim;;Parda;02 a 04 salários-mínimos;4 pessoas;Superior incompleto;Todas em instituição pública;Não tenho interesse, já faço curso de licenciatura, Ciências: Biologia e Química, mas acredito que Pedagogia é uma ótima escolha como novo curso!;;Gosto muito da área de comunicação, e gostaria bastante de fazer “Publicidade e Propaganda”;Muito importante;
3/5/2025 16:19:46;Sim;mais de 40 anos;Não;Sim;;Parda;Menos de 02 salários-mínimos;3 pessoas;Superior completo;Todas em instituição pública;Sim, para poder atuar em sala de aula;Noturno;Letras ;Muito importante;Recursos financeiros 
3/5/2025 16:20:48;Sim;entre 15 e 24 anos;Não;Sim;;Branca;02 a 04 salários-mínimos;4 pessoas;Superior incompleto;Todas em instituição pública;Sim, gostaria de cursar licenciatura em pedagogia pelo fato de ser um curso indispensável para a formação de profissionais que diariamente lidam com a responsabilidade de educar, infelizmente no município não há uma instituição pública que ofereça o curso, o que dificulta o acesso a quem não pode pagar uma instituição privada. ;Matutino;Letras, língua portuguesa e literatura brasileira ;Muito importante;Recursos financeiros 
3/5/2025 16:29:25;Sim;entre 31 e 40 anos;Não;Sim;;Branca;Mais de 08 salários-mínimos;2 pessoas;Doutorado;Todas em instituição pública;Sim;Noturno;Educação física ;Muito importante;A qualidade da educação. 
3/5/2025 16:35:58;Sim;entre 25 e 30 anos;Não;Sim;;Branca;02 a 04 salários-mínimos;2 pessoas;Médio completo;Todas em instituição pública;Sim. Por ser um curso que tem muita oportunidade de empregabilidade.;Noturno;Letras português e Inglês ;Muito importante;Questões econômicas.
3/5/2025 16:39:50;Sim;entre 31 e 40 anos;Não;Sim;;Parda;Menos de 02 salários-mínimos;5 pessoas;Médio completo;Todas em instituição pública;Acho linda a área ;Noturno;;Importante;
3/5/2025 17:04:10;Sim;entre 15 e 24 anos;Não;Sim;;Parda;Menos de 02 salários-mínimos;4 pessoas;Superior incompleto;Todas em instituição pública;Uma ótima oportunidade para quem está meio perdido ;Noturno;Não ;Importante;
3/5/2025 23:38:23;Sim;entre 15 e 24 anos;Não;Sim;;Indígena;Menos de 02 salários-mínimos;3 pessoas;Superior incompleto;Todas em instituição pública;seria interessante ter essa opção de curso no isb;Vespertino;;Muito importante;prefiro publica
3/6/2025 9:27:27;Sim;mais de 40 anos;Não;Sim;;Preta;04 a 06 salários-mínimos;4 pessoas;Mestrado;Todas em instituição pública;sim;Noturno;não;Muito importante;preço
3/6/2025 13:24:52;Sim;mais de 40 anos;Não;Sim;;Parda;Menos de 02 salários-mínimos;3 pessoas;Superior incompleto;Todas em instituição pública;Sim;Matutino;;Importante;O financeiro 
3/6/2025 13:27:42;Sim;entre 25 e 30 anos;Não;Sim;;Parda;Menos de 02 salários-mínimos;3 pessoas;Superior completo;Todas em instituição pública;Sim!;Noturno;Não ;Muito importante;Questão financeira 
3/6/2025 13:30:10;Sim;mais de 40 anos;Não;Sim;;Parda;02 a 04 salários-mínimos;5 pessoas;Superior completo;Todas em instituição pública;Trabalho ;Noturno;História ;Muito importante;Tempo por causa do trabalho 
3/6/2025 13:31:36;Sim;mais de 40 anos;Não;Sim;;Indígena;Menos de 02 salários-mínimos;5 pessoas;Médio completo;Todas em instituição pública;Pedagogia intercultural,  por que sou indígena ;Vespertino;Sim, ifermagem ;Importante;Condições financeiras..
3/6/2025 13:33:01;Sim;mais de 40 anos;Não;Sim;;Parda;Menos de 02 salários-mínimos;5 pessoas;Superior completo;Todas em instituição pública;Sim ,porque eu preciso me qualificar mais ;Noturno;;Muito importante;
3/6/2025 13:33:22;Sim;mais de 40 anos;Não;Sim;;Parda;02 a 04 salários-mínimos;4 pessoas;Superior completo;Todas em instituição pública;Me aperfeiçoar como pedagoga de fato e de direito ;Noturno;Arte;Muito importante;Financeiro 
3/6/2025 13:37:40;Sim;mais de 40 anos;Não;Sim;;Indígena;02 a 04 salários-mínimos;Mais de 5 pessoas;Mestrado;Todas em instituição pública;Para minha esposa ;Noturno;Não ;Muito importante;
3/6/2025 13:43:25;Sim;mais de 40 anos;Não;Sim;;Branca;02 a 04 salários-mínimos;5 pessoas;Superior completo;Todas em instituição pública;Sim;Noturno;História ;Importante;Financeiro
3/6/2025 13:45:24;Sim;entre 15 e 24 anos;Não;Sim;;Parda;Menos de 02 salários-mínimos;2 pessoas;Superior incompleto;Todas em instituição pública;Porque estou me formando em Licenciatura em Biologia e Química e gostaria de fazer esse curso também ;Noturno;;Muito importante;As mensalidades altas demais e a baixa qualidade no ensino desse curso. 
3/6/2025 13:45:37;Sim;mais de 40 anos;Não;Sim;;Parda;02 a 04 salários-mínimos;2 pessoas;Superior completo;Todas em instituição pública;Pra atuar na área ;Vespertino;Sim;Importante;Financeiro 
3/6/2025 13:47:11;Sim;mais de 40 anos;Não;Sim;;Parda;Menos de 02 salários-mínimos;Mais de 5 pessoas;Superior completo;Todas em instituição pública;Sim porque é importante na área que eu atuo;Noturno;Sim. Letras língua portuguesa;Importante;São pagas ai é complicado. 
3/6/2025 13:49:42;Sim;mais de 40 anos;Não;Sim;;Parda;02 a 04 salários-mínimos;5 pessoas;Superior completo;Todas em instituição pública;Por é uma formação que abre espaço para atuar em 8 áreas ;Noturno;Não ;Muito importante;Os valores muito alto 
3/6/2025 13:53:07;Sim;mais de 40 anos;Não;Sim;;Parda;02 a 04 salários-mínimos;2 pessoas;Superior completo;Todas em instituição pública;Trabalho na área ;Noturno;;Muito importante;
3/6/2025 13:54:01;Sim;mais de 40 anos;Não;Sim;;Parda;Menos de 02 salários-mínimos;4 pessoas;Superior completo;Todas em instituição pública;Poque gostaria muito de me formar em pedagógica, só tenho normal Superior.;Noturno;Administração ;Muito importante;Condições financeiras 
3/6/2025 13:54:37;Sim;mais de 40 anos;Não;Sim;;Parda;02 a 04 salários-mínimos;2 pessoas;Superior completo;Todas em instituição pública;Sim ;Noturno;;Muito importante;Renda familiar 
3/6/2025 13:55:30;Sim;entre 25 e 30 anos;Não;Sim;;Indígena;Menos de 02 salários-mínimos;4 pessoas;Superior incompleto;Todas em instituição pública;Porque a área da educação é muito importante para toda a sociedade ;Noturno;;Importante;Recursos financeiros 
3/6/2025 14:02:02;Sim;mais de 40 anos;Não;Sim;;Indígena;02 a 04 salários-mínimos;2 pessoas;Superior completo;Todas em instituição pública;Complementação de carga curricular ;Noturno;Psicologia ;Muito importante;Questão financeira 
3/6/2025 14:02:37;Sim;mais de 40 anos;Não;Sim;;Parda;Menos de 02 salários-mínimos;3 pessoas;Superior completo;Todas em instituição pública;Para adquirir mais conhecimentos ;Noturno;Educação especial ;Muito importante;Faltar do custo financeiro 
3/6/2025 14:05:27;Sim;mais de 40 anos;Não;Sim;;Parda;02 a 04 salários-mínimos;4 pessoas;Superior completo;Todas em instituição pública;Abilitar em outra área de ensino.;Noturno;Psicologia ;Muito importante;Valor do curso 
3/6/2025 14:09:07;Sim;entre 15 e 24 anos;Não;Sim;;Parda;Menos de 02 salários-mínimos;3 pessoas;Superior incompleto;Todas em instituição pública;Pela falta de profissionais da área, por descaso na valorização dos profissionais, mas acredito que pela alta demanda e a baixa procura do curso dos últimos anos, os nossos governantes olhe com mais apreço para os professores, que por sua vez é a base de toda a nossa sociedade.;Matutino;Fugindo um pouco da área da saúde e educacao, eu gostaria um curso em arquitetura, engenheira civil ou ate contábeis.;Indiferente;Dinheiro 
3/6/2025 14:09:21;Sim;mais de 40 anos;Não;Sim;;Parda;Menos de 02 salários-mínimos;3 pessoas;Superior completo;Todas em instituição pública;Sim! Pra ampliar mais meus conhecimentos ;Noturno;Nao;Muito importante;Financeiro
3/6/2025 14:09:40;Sim;mais de 40 anos;Não;Sim;;Parda;02 a 04 salários-mínimos;4 pessoas;Superior completo;Todas em instituição pública;Sim. Pois é uma área que me interessa ;Noturno;Sim. Administração ;Muito importante;Recursos financeiros 
3/6/2025 14:19:32;Sim;entre 15 e 24 anos;Não;Sim;;Parda;02 a 04 salários-mínimos;4 pessoas;Médio completo;Todas em instituição pública;Devido a falta de professores em instituições públicas e particulares em disciplinas como ciências e exatas.;Noturno;Ciências da natureza ou matemática e física ;Indiferente;Nota insuficiente no Enem 
3/6/2025 14:20:23;Sim;mais de 40 anos;Não;Sim;;Parda;Menos de 02 salários-mínimos;5 pessoas;Médio completo;Todas em instituição pública;Sim,amo a área da educação ;Noturno;Não ;Muito importante;Não conseguir entrar
3/6/2025 14:23:47;Sim;entre 15 e 24 anos;Não;Sim;;Parda;Menos de 02 salários-mínimos;4 pessoas;Médio completo;Todas em instituição pública;Uma ótima forma de se engrossar no mercado de trabalho com mas um pouco mas de facilidade ! Por que é onde sempre estão à procura de profissionais com excelência ;Vespertino;Fisioterapia ;Importante;Custos altos 
3/6/2025 14:24:47;Sim;mais de 40 anos;Não;Sim;;Parda;02 a 04 salários-mínimos;1 pessoa;Superior completo;Todas em instituição pública;Sim,porque tenho Normal Superior quero migra para Pedagogia.;Noturno;Psicologia ;Muito importante;Porque sempre preferi fazer Pública
3/6/2025 14:52:36;Sim;mais de 40 anos;Sim;Sim;;Parda;Menos de 02 salários-mínimos;4 pessoas;Superior completo;Todas em instituição pública;Aprimorar meu trabalho de professora.  ;Noturno;Pós graduação ;Importante;Questão financeira 
3/6/2025 14:59:21;Sim;mais de 40 anos;Não;Sim;;Parda;02 a 04 salários-mínimos;Mais de 5 pessoas;Superior completo;Todas em instituição pública;Para qualificação.;Noturno;Psicologia, Engenharia.;Muito importante;Parte financeira 
3/6/2025 15:16:15;Sim;mais de 40 anos;Não;Sim;;Branca;02 a 04 salários-mínimos;3 pessoas;Superior incompleto;Parte em instituição pública e parte privada;Sim;Noturno;;Muito importante;
3/6/2025 15:34:04;Sim;mais de 40 anos;Não;Sim;;Parda;02 a 04 salários-mínimos;Mais de 5 pessoas;Superior completo;Todas em instituição pública;Ainda não tenho;Noturno;Psicopedagogia;Muito importante;Oportunidade
3/6/2025 15:56:30;Sim;entre 25 e 30 anos;Não;Sim;;Parda;04 a 06 salários-mínimos;2 pessoas;Mestrado;Todas em instituição pública;Já sou formado em Pedagogia ;;Medicina Veterinária ;Indiferente;Eu cursei, foi minha segunda graduação.
3/6/2025 15:59:12;Sim;mais de 40 anos;Não;Sim;;Preta;02 a 04 salários-mínimos;4 pessoas;Superior completo;Todas em instituição pública;"Sim.
Para adquirir conhecimento na área pedagógica, melhorar o meu desempenho em sala de aula e contribuir para um ensino de qualidade.
";Noturno;Agronomia;Muito importante;Renda
3/6/2025 16:00:56;Sim;mais de 40 anos;Não;Sim;;Parda;Menos de 02 salários-mínimos;Mais de 5 pessoas;Superior completo;Todas em instituição pública;Porque são conhecimento necessário para minha formação ;Noturno;Mestrado ;Importante;Não ter como pagar 
3/6/2025 16:01:25;Sim;mais de 40 anos;Não;Sim;;Parda;Menos de 02 salários-mínimos;3 pessoas;Superior incompleto;Todas em instituição pública;Sim porque fiz magistério ;Noturno;;Importante;
3/6/2025 16:21:02;Sim;entre 15 e 24 anos;Não;Sim;;Parda;Menos de 02 salários-mínimos;3 pessoas;Fundamental completo;Todas em instituição pública;Pq me indentifico com a área ;Vespertino;Educação especial ;Muito importante;Dinheiro 
3/6/2025 16:34:00;Sim;entre 31 e 40 anos;Não;Sim;;Parda;Menos de 02 salários-mínimos;3 pessoas;Superior completo;Todas em instituição pública;Sim;Noturno;Sim;Muito importante;Dinheiro 
3/6/2025 16:35:49;Sim;mais de 40 anos;Não;Sim;;Parda;Menos de 02 salários-mínimos;5 pessoas;Superior completo;Todas em instituição pública;Sim;Vespertino;Não ;Muito importante;Questão financeira 
3/6/2025 16:35:58;Sim;entre 31 e 40 anos;Não;Sim;;Indígena;02 a 04 salários-mínimos;2 pessoas;Superior incompleto;Todas em instituição pública;Sim;Noturno;;Muito importante;Recursos 
3/6/2025 16:37:27;Sim;entre 31 e 40 anos;Não;Sim;;Parda;Menos de 02 salários-mínimos;4 pessoas;Superior completo;Todas em instituição pública;Novas oportunidades;Noturno;Português ;Importante;Nada a declarar
3/6/2025 16:40:31;Sim;entre 25 e 30 anos;Não;Sim;;Parda;Menos de 02 salários-mínimos;4 pessoas;Médio completo;Todas em instituição pública;Sim, porque sempre quis fazer, mas ainda não consegui por conta da minha renda ser baixa.;Noturno;;Muito importante;Minha renda por ser baixa.
3/6/2025 16:52:30;Sim;mais de 40 anos;Não;Sim;;Indígena;02 a 04 salários-mínimos;2 pessoas;Superior incompleto;Todas em instituição pública;Sim!;Noturno;Sim!;Muito importante;Financeiro 
3/6/2025 16:55:51;Sim;entre 15 e 24 anos;Não;Sim;;Indígena;Menos de 02 salários-mínimos;3 pessoas;Médio incompleto;Todas em instituição pública;Sim!;Matutino;Sim;Muito importante;Não tenho condições financeiros
3/6/2025 17:02:23;Sim;entre 31 e 40 anos;Não;Sim;;Parda;Menos de 02 salários-mínimos;5 pessoas;Superior completo;Todas em instituição pública;Apesar de ser formado em licenciatura em ciências matemática e Física, pelo ISB, pretendo mudar de curso. Eu tenho  muita vontade de trabalhar com, crianças,  e eu sei qui o curso em Pedagogia vai além , um outro motivo é qui tenho gente na minha família que deseja muito em poder fazer um curso de licenciatura em pedagogia além de colegas e amigos, confesso qui esse curso ofertado pela Universidade Federal do Amazonas, vai ser um dos cursos mais procurados. ;Noturno;Bom além dos  cursos em licenciatura e bacharéis,  eu queria muito poder fazer um mestrado e um doutorado na área de Matemática, pela Universidade Federal do Amazonas ou seja aqui no município de Coari,  então se o Instituto poder trazer  um dia essas especializações um dia pra nosso ISB será um sonho meu e acredito de muito outros colega.;Muito importante;No meu ponto de vista os cursos ofertados pela Universidade pública é muito melhor do que as parculares, em termos de aprendizado.
3/6/2025 17:15:32;Sim;mais de 40 anos;Não;Sim;;Parda;Menos de 02 salários-mínimos;4 pessoas;Médio completo;Parte em instituição pública e parte privada;Sim porque é uma área que chamar muito minha atenção ;Noturno;Enfermagem ;Muito importante;O 
3/6/2025 17:22:11;Sim;entre 31 e 40 anos;Não;Sim;COARi ;Parda;Menos de 02 salários-mínimos;3 pessoas;Superior completo;Todas em instituição pública;Por que é uma das áreas da educação que sempre tem vagas para trabalhar ;Vespertino;Pedagogia EaD ;Muito importante;A renda, para pagar a mensalidade 
3/6/2025 17:26:24;Sim;entre 31 e 40 anos;Não;Sim;;Parda;Menos de 02 salários-mínimos;4 pessoas;Médio completo;Todas em instituição pública;Sim tenho muito interesse,é a área que me identifico e que Amo.;Noturno;Fisioterapia ;Muito importante;Valor 
3/6/2025 17:26:33;Sim;mais de 40 anos;Não;Sim;;Indígena;Menos de 02 salários-mínimos;Mais de 5 pessoas;Superior completo;Todas em instituição pública;Amo trabalhar com crianças. E será muito importante pro meu conhecimento ;Matutino;Mestrado ;Muito importante;Sim Oferecem. Devido as configurações financeiras ainda nao fiz
3/6/2025 17:27:29;Sim;mais de 40 anos;Não;Sim;;Parda;Menos de 02 salários-mínimos;Mais de 5 pessoas;Médio completo;Todas em instituição pública;Necessidade de uma formação acadêmica ;Vespertino;Nenhum;Muito importante;Questão financeira
3/6/2025 17:30:58;Sim;entre 31 e 40 anos;Não;Sim;;Parda;Menos de 02 salários-mínimos;4 pessoas;Médio completo;Todas em instituição pública;É a área que eu me identifico e que Amo.;Noturno;Fisioterapia;Muito importante;Mensalidades
3/6/2025 18:09:45;Sim;mais de 40 anos;Não;Sim;COARI ;Parda;04 a 06 salários-mínimos;5 pessoas;Médio completo;Parte em instituição pública e parte privada;Para mim especializar ;Noturno;;Importante;
3/6/2025 18:12:54;Sim;mais de 40 anos;Não;Sim;Coari;Branca;Menos de 02 salários-mínimos;1 pessoa;Superior completo;Todas em instituição pública;Aperfeiçoamento profissional ;Noturno;Não ;Muito importante;Renda familiar 
3/6/2025 18:17:35;Sim;mais de 40 anos;Sim;Sim;;Branca;02 a 04 salários-mínimos;5 pessoas;Superior completo;Todas em instituição pública;Sim para me especializar na área como pedagogo ;Noturno;Historia;Muito importante;Muitas vezes nao tonha condições de pagar
3/6/2025 18:39:04;Sim;entre 31 e 40 anos;Não;Sim;;Indígena;Menos de 02 salários-mínimos;3 pessoas;Superior completo;Parte em instituição pública e parte privada;Sim;Noturno;Mestrado ;Muito importante;Sim
3/6/2025 18:39:19;Sim;entre 31 e 40 anos;Não;Sim;;Indígena;02 a 04 salários-mínimos;3 pessoas;Superior completo;Todas em instituição pública;Porque é uma área que abrange todas as áreas específicas ;Noturno;Licenciatura em Libras;Muito importante;90% não são presenciais e 10% são semi presenciais.
3/6/2025 18:55:22;Sim;mais de 40 anos;Não;Sim;;Parda;04 a 06 salários-mínimos;2 pessoas;Doutorado;Parte em instituição pública e parte privada;Nao;;Sim;Muito importante;Nada me impediu os cirsos que fiz me deram uma geande extensao.
3/6/2025 18:59:42;Sim;mais de 40 anos;Não;Sim;;Parda;02 a 04 salários-mínimos;3 pessoas;Mestrado;Todas em instituição pública;Sim, Para adquirir mais conhecimento.;Noturno;Não.;Importante;Financeiro.
3/6/2025 19:01:44;Sim;mais de 40 anos;Não;Sim;;Parda;02 a 04 salários-mínimos;3 pessoas;Superior completo;Todas em instituição pública;Não  ja tenho pedagogia ;;No momento cursando mestrado;Importante;
3/6/2025 19:27:27;Sim;entre 31 e 40 anos;Não;Sim;;Parda;02 a 04 salários-mínimos;4 pessoas;Superior completo;Todas em instituição pública;Sim... Porque gosto de trabalhar com crianças...;Matutino;Não...;Muito importante;Falta de oportunidade e interesse...
3/6/2025 19:44:02;Sim;entre 25 e 30 anos;Não;Sim;;Parda;Menos de 02 salários-mínimos;4 pessoas;Superior completo;Todas em instituição pública;Tenho interesse em cursar pedagogia para trabalhar na área e pq mim identifico e quero ser professora;Noturno;Educação especial ;Muito importante;No momento minha renda não da pra pagar
3/6/2025 20:02:51;Sim;entre 31 e 40 anos;Não;Não;Coari;Parda;Menos de 02 salários-mínimos;4 pessoas;Superior completo;Parte em instituição pública e parte privada;Sim. Pra adquirir conhecimento e uma nova graduação. ;Vespertino;Língua portuguesa ;Muito importante;Devido não ter estabilidade financeira 
3/6/2025 20:42:07;Sim;entre 31 e 40 anos;Não;Sim;;Parda;02 a 04 salários-mínimos;5 pessoas;Médio completo;Todas em instituição pública;sim, para me profissionalizar;Noturno;não;Muito importante;falta de dinheiro 
3/7/2025 8:27:53;Sim;mais de 40 anos;Não;Sim;;Parda;02 a 04 salários-mínimos;5 pessoas;Médio completo;Todas em instituição pública;Trabalho em escola pública ;Vespertino;Secretariado;Importante;A minha filha cursa faculdade, tiver que obtar dando oportunidade pra ela.
3/7/2025 9:46:55;Sim;entre 25 e 30 anos;Não;Sim;;Parda;Menos de 02 salários-mínimos;4 pessoas;Superior incompleto;Todas em instituição pública;Sim. Ministrar de forma pratica e didática o conhecimento para com alunos com transtornos mentais e que o ensino é igualmente justo e importante para o igual.;Diurno;Nao;Muito importante;Nao me interessava tanto 
3/7/2025 9:52:28;Sim;entre 15 e 24 anos;Não;Sim;;Preta;Menos de 02 salários-mínimos;4 pessoas;Médio completo;Todas em instituição pública;Sim.Sendo bem pragmática a pedagogia é necessária para o desenvolvimento da nossa comunidade. ;Noturno;Nao;Muito importante;Nao tinha interesse 
3/7/2025 11:18:13;Sim;entre 15 e 24 anos;Não;Sim;;Indígena;Menos de 02 salários-mínimos;1 pessoa;Médio completo;Todas em instituição pública;Por que, quero ser professora. ;Vespertino;Não ;Muito importante;Questão financeira. 
3/7/2025 13:25:00;Sim;entre 31 e 40 anos;Não;Sim;;Branca;Menos de 02 salários-mínimos;3 pessoas;Superior completo;Todas em instituição pública;Porque já sou formada na área da educação e gostaria de ter essa opção, visando o fortalecimento na area da educação.;Noturno;Farmácia. ;Importante;Financeiro
3/7/2025 14:52:20;Sim;mais de 40 anos;Não;Sim;;Parda;Mais de 08 salários-mínimos;Mais de 5 pessoas;Superior completo;Todas em instituição pública;Devido ao mercado de trabalho e a ajuda que poderia dar ao meu filho que tem tdah;Noturno;não;Muito importante;pagamento, alto custo
3/7/2025 16:41:01;Sim;mais de 40 anos;Não;Sim;;Parda;Mais de 08 salários-mínimos;3 pessoas;Doutorado;Todas em instituição pública;Não, pelo fato de já ter concluído minha formação acadêmica e já está trabalhando.;;Não;Importante;
3/7/2025 19:09:09;Sim;mais de 40 anos;Não;Sim;;Parda;06 a 08 salários-mínimos;5 pessoas;Superior completo;Todas em instituição pública;Não ;;Sim;Muito importante;Cursei Pedagogia na UFAM..EXCELENTE 
3/7/2025 21:39:01;Sim;mais de 40 anos;Não;Sim;;Parda;Menos de 02 salários-mínimos;2 pessoas;Superior completo;Todas em instituição pública;Sim;Matutino;;Muito importante;
3/7/2025 21:39:49;Sim;entre 31 e 40 anos;Não;Sim;;Parda;Menos de 02 salários-mínimos;3 pessoas;Mestrado;Todas em instituição pública;Não, já tenho curso de pedagogia;;Não;Muito importante;Fiz pedagogia em universidade particular
3/7/2025 21:42:05;Sim;mais de 40 anos;Não;Sim;;Parda;Mais de 08 salários-mínimos;Mais de 5 pessoas;Superior completo;Todas em instituição pública;Sim. Para adquirir conhecimentos e enriquecer o currículo;Noturno;Letras - Português/Inglês;Importante;Valor
3/7/2025 21:45:17;Sim;entre 31 e 40 anos;Não;Sim;;Parda;04 a 06 salários-mínimos;1 pessoa;Mestrado;Todas em instituição pública;Para ampliar o meu conhecimento ba área da educação. ;Noturno;;Muito importante;
3/7/2025 21:47:27;Sim;entre 31 e 40 anos;Não;Sim;;Preta;02 a 04 salários-mínimos;2 pessoas;Superior completo;Todas em instituição pública;Está atualizada em novos conhecimentos. ;Noturno;Educação Especial ;Muito importante;Finaceiro
3/7/2025 21:47:41;Sim;mais de 40 anos;Não;Sim;;Branca;02 a 04 salários-mínimos;3 pessoas;Superior completo;Todas em instituição pública;Estou precisando ;Noturno;Português ;Muito importante;Econômica 
3/7/2025 21:49:28;Sim;mais de 40 anos;Não;Sim;;Parda;02 a 04 salários-mínimos;2 pessoas;Superior completo;Todas em instituição pública;Para adquirir mais conhecimento didático em prol a educação.;Noturno;Lingua portuguesa;Muito importante;
3/7/2025 21:54:30;Sim;entre 31 e 40 anos;Não;Sim;;Parda;04 a 06 salários-mínimos;3 pessoas;Superior completo;Todas em instituição pública;Sim ;Noturno;Educação Especial ;Muito importante;Financeiro 
3/7/2025 22:02:24;Sim;entre 31 e 40 anos;Não;Sim;;Parda;02 a 04 salários-mínimos;3 pessoas;Superior completo;Todas em instituição pública;"Sim. 
Pois é um curso de importância para a área da educação. ";Matutino;Filosofia ;Muito importante;O valor
3/7/2025 22:02:48;Sim;entre 31 e 40 anos;Não;Sim;;Parda;Menos de 02 salários-mínimos;5 pessoas;Superior completo;Todas em instituição pública;Não.;;;Importante;Muitos motivos.
3/7/2025 22:35:19;Sim;entre 25 e 30 anos;Não;Sim;;Parda;Menos de 02 salários-mínimos;1 pessoa;Médio completo;Todas em instituição pública;Porque é um curso que me desperta interesse, e também para ampliar meus conhecimentos sobre a área educação, principalmente no que diz respeito à lecionar, as metodologias assertivas para se trabalhar da melhor forma na sala de aula.;Noturno;Psicologia ou Psicopedagogia;Muito importante;Principalmente a forma de ensino, na maioria das vezes, a forma de ensino e o suporte não é boa, isso acaba impactando na formação do aluno, infelizmente hoje em dia, as universidades privadas (não todas) não entregam todo suporte que costumam pregam em suas plataformas de divulgação. 
3/7/2025 22:41:16;Sim;mais de 40 anos;Não;Sim;;Parda;02 a 04 salários-mínimos;4 pessoas;Superior completo;Parte em instituição pública e parte privada;Não, porque já sou formada em Pedagogia.;;Sim, Direito.;Importante;Já sou formada em Pedagogia pela UFAM ano 2007
3/7/2025 22:56:41;Sim;mais de 40 anos;Não;Sim;;Parda;02 a 04 salários-mínimos;5 pessoas;Mestrado;Todas em instituição pública;Sim, na oportunidade abrir várias oportunidades de crescimento no âmbito educacional.;Noturno;Sim, psicologia ;Muito importante;Sim, projeto financeiro 
3/7/2025 23:00:02;Sim;mais de 40 anos;Não;Sim;;Indígena;Menos de 02 salários-mínimos;4 pessoas;Médio completo;Todas em instituição pública;Mim indentifico;Noturno;Letras;Importante;Financeiro 
3/7/2025 23:02:50;Sim;mais de 40 anos;Não;Sim;Coari ;Parda;Menos de 02 salários-mínimos;4 pessoas;Superior completo;Todas em instituição pública;Sim, para está licenciada de acordo com os requisitos da minha profissão e adquirir mas conhecimento.;Vespertino;Sim, psicologia ;Muito importante;Financeiro.
3/7/2025 23:29:21;Sim;mais de 40 anos;Não;Sim;;Preta;02 a 04 salários-mínimos;4 pessoas;Mestrado;Parte em instituição pública e parte privada;Não, já estou bem satisfeita com a minha vida acadêmica.;;Nao ;Muito importante;Por questoes financeira 
3/7/2025 23:33:07;Sim;entre 31 e 40 anos;Não;Sim;;Parda;02 a 04 salários-mínimos;1 pessoa;Superior completo;Todas em instituição pública;Sim, por que e uma área muito produtivo e que abre um leque de oportunidades ;Noturno;Mestrado em ciências na educação ;Importante;Não 
3/7/2025 23:51:26;Sim;mais de 40 anos;Sim;Sim;;Indígena;Menos de 02 salários-mínimos;Mais de 5 pessoas;Superior completo;Todas em instituição pública;Sim, busca de melhor qualidade pra educação ;Diurno;Pos em educação infantil ;Muito importante;Falta de condições financeiras 
3/8/2025 0:11:28;Sim;entre 31 e 40 anos;Não;Sim;;Branca;02 a 04 salários-mínimos;4 pessoas;Superior incompleto;Todas em instituição pública;Sim, a sociedade precisa dessa graduação pela ufam ;Vespertino;Agropecuária ;Muito importante;Financeiro 
3/8/2025 3:47:21;Sim;mais de 40 anos;Não;Sim;;Parda;02 a 04 salários-mínimos;4 pessoas;Superior completo;Todas em instituição pública;Já tenho o curso em pedagoga ;;Ciência ;Muito importante;
3/8/2025 6:23:36;Sim;mais de 40 anos;Não;Sim;;Parda;02 a 04 salários-mínimos;3 pessoas;Superior completo;Todas em instituição pública;Sim ;Vespertino;;Importante;Sim
3/8/2025 6:28:28;Sim;mais de 40 anos;Não;Sim;;Parda;Menos de 02 salários-mínimos;4 pessoas;Superior completo;Todas em instituição pública;Sim ;Noturno;Psicopedagogia;Muito importante;O pagamento das mensalidade
3/8/2025 7:19:32;Sim;entre 31 e 40 anos;Sim;Sim;;Parda;Menos de 02 salários-mínimos;3 pessoas;Superior completo;Todas em instituição pública;Não ;;Sim;Importante;Recursos 
3/8/2025 7:33:06;Sim;mais de 40 anos;Não;Sim;;Indígena;Menos de 02 salários-mínimos;5 pessoas;Superior completo;Todas em instituição pública;Não! Já sou formado nesta área.;;Sim! Educação Física. ;Muito importante;As condições financeiras.
3/8/2025 7:43:18;Sim;mais de 40 anos;Não;Sim;;Branca;02 a 04 salários-mínimos;2 pessoas;Mestrado;Todas em instituição pública;Porque pedagógia alicerce do bom professor ;Matutino;Não ;Importante;Outros investimentos na minha educação 
3/8/2025 7:45:47;Sim;mais de 40 anos;Não;Sim;;Parda;Menos de 02 salários-mínimos;3 pessoas;Superior completo;Todas em instituição pública;Para crescer profissionalmente ;Noturno;Psicologia e educaçao especial;Muito importante;Questao finaceira
3/8/2025 8:01:14;Sim;mais de 40 anos;Não;Sim;;Preta;Menos de 02 salários-mínimos;4 pessoas;Mestrado;Todas em instituição pública;Acredito que o curso de psicologia seria melhor;Noturno;Odontologia ;Pouco relevante;Ofertam
3/8/2025 8:59:15;Sim;mais de 40 anos;Não;Sim;;Parda;Menos de 02 salários-mínimos;5 pessoas;Superior completo;Parte em instituição pública e parte privada;Nao;;Oratoria;Importante;
3/8/2025 8:59:49;Sim;mais de 40 anos;Não;Sim;;Parda;04 a 06 salários-mínimos;4 pessoas;Superior completo;Todas em instituição pública;Não tenho interesse ;;Biomedicina ;Importante;Srm interesse no curso 
3/8/2025 12:30:46;Sim;mais de 40 anos;Não;Sim;;Parda;02 a 04 salários-mínimos;4 pessoas;Superior completo;Todas em instituição pública;Sim;Matutino;Sim . Farmácia ;Importante;No momento financeiro 
3/10/2025 13:46:18;Sim;entre 31 e 40 anos;Não;Sim;;Parda;04 a 06 salários-mínimos;4 pessoas;Doutorado;Todas em instituição pública;Não, pois não acho um curso atrativo.;;Psicologia, odontologia, farmácia.;Sem necessidade;Ofertam sim.
3/10/2025 17:03:32;Sim;entre 15 e 24 anos;Não;Sim;;Parda;Menos de 02 salários-mínimos;4 pessoas;Superior completo;Todas em instituição pública;Não ;;;Pouco relevante;
3/10/2025 17:11:53;Sim;entre 25 e 30 anos;Não;Sim;;Preta;02 a 04 salários-mínimos;3 pessoas;Superior completo;Todas em instituição pública;Não, mas acho interessante que o curso venha para o instituto ;Diurno;;Muito importante;
3/10/2025 17:15:01;Sim;entre 25 e 30 anos;Não;Sim;;Parda;Menos de 02 salários-mínimos;3 pessoas;Superior completo;Todas em instituição pública;Sou professor ;Noturno;Serviço social ;Importante;Esto cursando
3/10/2025 17:17:55;Sim;entre 25 e 30 anos;Não;Sim;;Indígena;Menos de 02 salários-mínimos;1 pessoa;Superior incompleto;Todas em instituição pública;Por que eu quero atuar na educação e contribuir para a melhoraria da sociedade e desenvolver habilidades importantes;Noturno;Não ;Muito importante;Estou cursando atualmente pedagogia, só que está ficando cada vez mais caro.
3/10/2025 17:25:02;Sim;entre 25 e 30 anos;Não;Sim;;Parda;Menos de 02 salários-mínimos;4 pessoas;Superior completo;Todas em instituição pública;Sim eu gostaria, já  obtive uma experiência na educação infantil e me identifiquei.;Matutino;Psicologia ;Muito importante;Falta de verba.
3/10/2025 17:33:17;Sim;mais de 40 anos;Não;Sim;;Parda;Menos de 02 salários-mínimos;1 pessoa;Superior incompleto;Todas em instituição pública;Sim, é uma área muito importante e eu me identifico.;Noturno;Meio ambiente.;Muito importante;O valor.
3/10/2025 17:39:49;Sim;entre 31 e 40 anos;Não;Sim;Coari ;Parda;Menos de 02 salários-mínimos;1 pessoa;Médio completo;Todas em instituição pública;E curso que precisa em nossa universidade ;Noturno;Direito ;Muito importante;Investimento 
3/10/2025 17:41:54;Sim;entre 31 e 40 anos;Não;Sim;;Parda;Menos de 02 salários-mínimos;5 pessoas;Médio completo;Todas em instituição pública;Sim;Noturno;;Muito importante;
3/10/2025 17:43:40;Sim;entre 25 e 30 anos;Não;Sim;;Parda;02 a 04 salários-mínimos;4 pessoas;Médio completo;Todas em instituição pública;Porque é meu sonho ;Noturno;Enfermagem ;Muito importante;Financeiro 
3/10/2025 17:59:22;Sim;entre 15 e 24 anos;Não;Sim;Sim, seria oportunista demais o curso de licenciatura em Pedagogia;Preta;Menos de 02 salários-mínimos;2 pessoas;Superior incompleto;Todas em instituição pública;Sim, porque a procura pelo curso seria ótimo, ainda mais se for pública ;Noturno;Farmácia ;Muito importante;Financeiro 
3/10/2025 18:20:14;Sim;mais de 40 anos;Não;Sim;;Branca;04 a 06 salários-mínimos;2 pessoas;Superior completo;Parte em instituição pública e parte privada;Porque se faz necessário temos professores formados em pedagogia e não somente a licenciatura ;Noturno;Veterinário;Muito importante;Tempo
3/10/2025 18:30:05;Sim;entre 31 e 40 anos;Não;Sim;;Parda;02 a 04 salários-mínimos;3 pessoas;Superior completo;Todas em instituição pública;Sim, possuo interesse pois abrir oportunidades para empregos seja na educação infantil ou séries iniciais;Noturno;Direito ;Muito importante;Falta de recursos financeiros 
3/10/2025 19:02:45;Sim;entre 31 e 40 anos;Não;Sim;;Parda;02 a 04 salários-mínimos;3 pessoas;Superior completo;Todas em instituição pública;Sim, Qualificação profissional, e contribuir sempre com a qualidde de ensino.;Matutino;Não ;Muito importante;Necessidade financeira.
3/10/2025 19:06:21;Sim;entre 15 e 24 anos;Sim;Sim;;Parda;Menos de 02 salários-mínimos;1 pessoa;Médio completo;Todas em instituição pública;Tenho sim, por quer eu eu adoro ensinar e isso é gratificante ;Noturno;Fisioterapia ;Muito importante;Muito caro
3/10/2025 19:39:22;Sim;entre 25 e 30 anos;Não;Sim;;Parda;Menos de 02 salários-mínimos;3 pessoas;Superior incompleto;Todas em instituição pública;Sim, pois é uma área que auxilia na formação de outras profissões, além de ter pouca oportunidade no município de coari;Noturno;Educação Física ;Muito importante;A questão financeira, por não poder arcar com as mensalidades 
3/10/2025 20:10:55;Sim;entre 25 e 30 anos;Não;Sim;;Parda;Menos de 02 salários-mínimos;3 pessoas;Médio completo;Todas em instituição pública;E uma área muito boa, e tenho vontade de cursar pedagogia pois tem como contribuir a melhoraria de educação de mais cidadoes ;Noturno;;Muito importante;Não tenho o valor pra pagar uma mensalidade 
3/10/2025 20:24:10;Sim;mais de 40 anos;Não;Sim;;Parda;02 a 04 salários-mínimos;3 pessoas;Superior completo;Parte em instituição pública e parte privada;Não. Mas, penso que seria importante para aqueles que querem oportunidade de adquirir conhecimento e crescimento pessoal e profissional.;;Direito ;Muito importante;Cursei Letras.
3/10/2025 21:54:13;Sim;entre 31 e 40 anos;Não;Sim;;Parda;06 a 08 salários-mínimos;2 pessoas;Doutorado;Todas em instituição privada;Não ;;;Pouco relevante;
3/11/2025 10:35:35;Sim;entre 31 e 40 anos;Não;Não;Manaus;Parda;02 a 04 salários-mínimos;5 pessoas;Médio completo;Todas em instituição pública;Sim, mais oportunidades de emprego ;Noturno;Tecnologia da informação ;Muito importante;Valor caro 
3/11/2025 12:42:29;Sim;entre 15 e 24 anos;Não;Sim;;Parda;Menos de 02 salários-mínimos;4 pessoas;Médio completo;Todas em instituição pública;Não. Por não ser minha área de interesse.;;;Muito importante;
3/11/2025 13:57:12;Sim;entre 15 e 24 anos;Não;Sim;;Indígena;Menos de 02 salários-mínimos;2 pessoas;Médio completo;Parte em instituição pública e parte privada;Sim, a área da educação é uma área que eu me identifico e gostaria de seguir.;Noturno;;Muito importante;O aumento de 5% à 10% nas mensalidades até o final do curso, é muito difícil manter os estudos tendo pouca renda
3/12/2025 12:07:57;Sim;entre 31 e 40 anos;Não;Sim;;Parda;02 a 04 salários-mínimos;4 pessoas;Mestrado;Todas em instituição pública;Sim;Noturno;Engenharia ;Muito importante;Não 
3/12/2025 13:58:53;Sim;mais de 40 anos;Não;Sim;Coari Amazonas ;Parda;02 a 04 salários-mínimos;4 pessoas;Superior completo;Parte em instituição pública e parte privada;Sim;Diurno;Lingua Inglesa ;Muito importante;Sim
3/12/2025 14:24:30;Sim;entre 31 e 40 anos;Não;Sim;;Parda;Menos de 02 salários-mínimos;1 pessoa;Superior completo;Todas em instituição pública;Sim;Noturno;Sim, letras ;Muito importante;
3/12/2025 14:24:35;Sim;entre 31 e 40 anos;Não;Sim;;Parda;Menos de 02 salários-mínimos;2 pessoas;Superior completo;Todas em instituição pública;Sim para atuar tanto como docente pra séries iniciais como pedagoga ;Vespertino;Bioquimoca;Muito importante;Condições financeiras 
3/12/2025 14:28:27;Sim;entre 31 e 40 anos;Não;Sim;;Parda;Menos de 02 salários-mínimos;3 pessoas;Médio completo;Todas em instituição pública;Sim;Noturno;Educação física ;Muito importante;Ter o dinheiro pra paga as mensalidades 
3/12/2025 14:33:35;Sim;mais de 40 anos;Não;Sim;;Branca;Mais de 08 salários-mínimos;1 pessoa;Doutorado;Todas em instituição pública;Não, já sou professor, mas acredito ser um excelente curso para o médio solimões.;;História, Filosofia, Direito;Muito importante;
3/12/2025 14:46:10;Sim;mais de 40 anos;Não;Sim;;Parda;Menos de 02 salários-mínimos;5 pessoas;Superior completo;Todas em instituição pública;Sim porque preciso ter mais conhecimentos Pedagógicos ;Noturno;Sim licenciatura em educação Jovens e adulto ;Muito importante;Sim
3/12/2025 14:50:10;Sim;mais de 40 anos;Não;Sim;;Parda;Menos de 02 salários-mínimos;5 pessoas;Superior completo;Todas em instituição pública;Sim porque preciso ter mais conhecimentos Pedagógicos ;Noturno;Sim licenciatura em educação Jovens e adultos ;Muito importante;Sim
3/12/2025 15:24:13;Sim;entre 31 e 40 anos;Não;Sim;;Parda;Menos de 02 salários-mínimos;4 pessoas;Superior completo;Todas em instituição pública;"Porque já sou Licenciada em matemática e quero conhecer nova área do conhecimento.
";Noturno;Contabilidade ;Muito importante;O custeio
3/12/2025 16:24:51;Sim;mais de 40 anos;Não;Sim;;Parda;Menos de 02 salários-mínimos;4 pessoas;Superior completo;Todas em instituição pública;Sim, mas já estou cursando.;Diurno;Mestrado em matemática ;Muito importante;Já estou cursando 
3/12/2025 16:30:33;Sim;mais de 40 anos;Não;Sim;;Indígena;04 a 06 salários-mínimos;5 pessoas;Superior completo;Todas em instituição pública;É meu sonho fazer está faculdade. Pois amo ensinar crianças, mas necessito aprimorar meus conhecimentos.;Diurno;;Muito importante;Tempo
3/12/2025 17:02:11;Sim;mais de 40 anos;Não;Sim;;Parda;02 a 04 salários-mínimos;3 pessoas;Superior completo;Todas em instituição pública;Sim ;Vespertino;Sim ;Importante;Tempo e renda financeira 
3/12/2025 18:36:34;Sim;entre 25 e 30 anos;Não;Sim;Coari ;Parda;Menos de 02 salários-mínimos;1 pessoa;Superior incompleto;Todas em instituição pública;Gosto de compartilhar conhecimento ;Matutino;Nutrição ;Muito importante;Questões financeira 
3/12/2025 18:48:00;Sim;entre 31 e 40 anos;Não;Sim;;Parda;Menos de 02 salários-mínimos;3 pessoas;Superior incompleto;Todas em instituição pública;Sim e meu sonho ;Noturno;Física ;Muito importante;Financeiro 
3/15/2025 12:41:07;Sim;entre 31 e 40 anos;Não;Sim;;Parda;Menos de 02 salários-mínimos;4 pessoas;Médio completo;Todas em instituição pública;Para ajudar os colegas com metodologia no processo de ensino e aprendizagem ;Diurno;Sim, sociologia ;Muito importante;Dinheiro 
3/15/2025 13:21:39;Sim;entre 31 e 40 anos;Não;Sim;;Indígena;Menos de 02 salários-mínimos;4 pessoas;Médio incompleto;Todas em instituição pública;Sim, porque sempre foi minha vontade atuar como professora;Noturno;Educação física ;Importante;Recurso 
3/15/2025 13:24:33;Sim;entre 31 e 40 anos;Não;Sim;;Parda;Menos de 02 salários-mínimos;4 pessoas;Médio completo;Todas em instituição pública;Quero trabalhar na área e porque sempre gostei desse área ;Noturno;;Muito importante;Não tenho renda o suficiente para pagar uma faculdade .
3/15/2025 13:26:50;Sim;entre 31 e 40 anos;Não;Sim;;Parda;06 a 08 salários-mínimos;4 pessoas;Superior completo;Todas em instituição pública;Não ;;Agronomia ;Muito importante;Sim
3/15/2025 13:28:55;Sim;entre 15 e 24 anos;Não;Sim;;Parda;Menos de 02 salários-mínimos;2 pessoas;Médio completo;Todas em instituição pública;Sim, e muito importante e acho interessante a area da pedagogia ;Noturno;Fisioterapia e Direito ;Muito importante;A mensalidade e muito alta 
3/15/2025 13:46:16;Sim;entre 25 e 30 anos;Não;Sim;;Indígena;Menos de 02 salários-mínimos;3 pessoas;Médio completo;Todas em instituição pública;Sim, Pra crescer profissionalmente, e almejar uma renda boa.;Noturno;;Muito importante;As minhas condições financeiras.
3/15/2025 14:17:48;Sim;entre 15 e 24 anos;Não;Sim;;Parda;Menos de 02 salários-mínimos;3 pessoas;Médio completo;Todas em instituição pública;"Porque e uma área que abrange muita atenção pós trabalha com nossas crianças e adolescentes, com a família e etc. 
Ser educador e ter amor pelo o que vai fazer, não e só ir pra uma sala de aula e brincar de ser professor. 
Não quero ser uma simples professora, eu quero ser A professora, aonde possa mudar vidas e implementar coisas novas nas vidas dos alunos levar pra eles coisas diferentes. Aonde eles possam ser aquele que pode mudar não só a própria vida mas também a vida da sua própria família. ";Noturno;Psicologia;Muito importante;Falta de emprego na cidade, pós as mensalidades são valores altos.
3/15/2025 14:24:37;Sim;entre 31 e 40 anos;Não;Sim;;Parda;Menos de 02 salários-mínimos;5 pessoas;Fundamental completo;Todas em instituição pública;Porque é uma área que tem mais oportunidades de trabalho. ;Noturno;Não ;Muito importante;Muito caro
3/15/2025 14:26:36;Sim;entre 31 e 40 anos;Não;Sim;;Parda;Menos de 02 salários-mínimos;5 pessoas;Fundamental completo;Todas em instituição pública;Porque tem mais oportunidades de trabalho. ;Noturno;;Muito importante;Muito caro 
3/16/2025 7:45:35;Sim;entre 25 e 30 anos;Não;Sim;;Parda;02 a 04 salários-mínimos;3 pessoas;Superior completo;Todas em instituição pública;"Já concluí essa graduação. Respondo porque, embora não tenha tido a oportunidade de me formar em uma universidade pública, desejo que outros possam tê-la.

";Noturno;Não;Muito importante;
3/16/2025 20:40:42;Sim;entre 31 e 40 anos;Não;Sim;;Parda;02 a 04 salários-mínimos;Mais de 5 pessoas;Superior completo;Todas em instituição pública;Não, na verdade gostaria do Curso Educação Física ou Administração ;;Educação Física e Administração ;Importante; Não é o curso de meu interesse 
3/16/2025 20:50:24;Sim;entre 31 e 40 anos;Não;Sim;;Preta;Mais de 08 salários-mínimos;4 pessoas;Mestrado;Todas em instituição privada;Aprender mais;Noturno;Ciencia da Computação ;Muito importante;
3/16/2025 20:52:35;Sim;entre 31 e 40 anos;Não;Sim;;Parda;06 a 08 salários-mínimos;1 pessoa;Superior completo;Todas em instituição pública;Não ;;;Muito importante;
3/16/2025 21:01:05;Sim;entre 25 e 30 anos;Não;Sim;;Parda;Menos de 02 salários-mínimos;3 pessoas;Superior incompleto;Todas em instituição pública;Por gostar muito da area;Noturno;Farmácia ;Muito importante;Dinheiro 
3/16/2025 21:16:11;Sim;mais de 40 anos;Não;Sim;Coari Am;Parda;Menos de 02 salários-mínimos;5 pessoas;Médio completo;Todas em instituição pública;Sim;Noturno;Administração ;Importante;Oportunidade 
3/16/2025 21:52:52;Sim;mais de 40 anos;Não;Sim;Coari;Parda;Menos de 02 salários-mínimos;4 pessoas;Superior completo;Todas em instituição pública;Sim , para ter uma formação na área ;Noturno;Sim educação física ;Sem necessidade;De grande valia
3/16/2025 22:05:44;Sim;mais de 40 anos;Não;Sim;;Parda;04 a 06 salários-mínimos;1 pessoa;Doutorado;Todas em instituição pública;Campo amplo de atuação no mercado ;Noturno;Psicologia ;Muito importante;Tempo
3/16/2025 22:17:25;Sim;entre 31 e 40 anos;Não;Sim;;Branca;02 a 04 salários-mínimos;3 pessoas;Superior completo;Todas em instituição pública;Sim, uma nova profissão ;Noturno;;Muito importante;
3/16/2025 23:04:30;Sim;entre 25 e 30 anos;Não;Sim;;Indígena;Menos de 02 salários-mínimos;3 pessoas;Superior incompleto;Todas em instituição pública;Sim , porque eu tenho vontade de cursar em universidade federal e aprender muito mais , pra ajudar as pessoas. ;Vespertino;Enfermagem ;Muito importante;Sim, no momento o financeiro. 
3/17/2025 20:53:10;Sim;entre 25 e 30 anos;Não;Sim;;Parda;Menos de 02 salários-mínimos;1 pessoa;Médio completo;Todas em instituição pública;É importante na nossiedade;Noturno;Fisioterapia ;Importante;Não tenho muita condições 
3/18/2025 10:37:53;Sim;entre 25 e 30 anos;Não;Sim;;Indígena;Menos de 02 salários-mínimos;2 pessoas;Superior incompleto;Todas em instituição pública;Sim;Diurno;Psicologia;Muito importante;Financeiro 
3/18/2025 11:24:06;Sim;entre 31 e 40 anos;Não;Sim;;Indígena;Menos de 02 salários-mínimos;5 pessoas;Superior incompleto;Todas em instituição pública;Sim,;Matutino;;Muito importante;Não tenho condições de pagar as mensalidades. 
3/19/2025 11:04:03;Sim;entre 25 e 30 anos;Não;Sim;;Parda;02 a 04 salários-mínimos;2 pessoas;Médio completo;Todas em instituição pública;Não, pois já estou cursando em Faculdade particular, mas adoraria ter no ISB;;Piscologia;Muito importante;
3/21/2025 19:11:36;Sim;entre 25 e 30 anos;Não;Sim;;Parda;02 a 04 salários-mínimos;2 pessoas;Superior completo;Todas em instituição pública;Sempre foi o meu sonho em fazer!;Matutino;Bacharelado em Biologia;Muito importante;Prefiro ensino presencial, e que seja pela universidade federal.
3/25/2025 9:48:28;Sim;entre 15 e 24 anos;Não;Sim;;Indígena;Menos de 02 salários-mínimos;Mais de 5 pessoas;Médio completo;Todas em instituição pública;Porque eu gosto ;Matutino;História ;Muito importante;Cara
3/25/2025 9:49:19;Sim;entre 15 e 24 anos;Não;Sim;;Indígena;Menos de 02 salários-mínimos;5 pessoas;Médio completo;Todas em instituição pública;Não. Sou estudante de Nutrição.;;;Muito importante;
3/25/2025 11:06:34;Sim;entre 15 e 24 anos;Não;Sim;;Indígena;Menos de 02 salários-mínimos;3 pessoas;Médio incompleto;Todas em instituição pública;Pq eu gosto ;Diurno;;Muito importante;Falta de dinheiro 
3/25/2025 19:38:45;Sim;entre 15 e 24 anos;Não;Sim;;Branca;02 a 04 salários-mínimos;5 pessoas;Médio completo;Todas em instituição pública;Não sinto vontade pela dificuldade em lidar com a diversidade de mentes encontrados em sala de aula além da dificuldade em criar estratégias flexíveis para engajar todos os alunos no processo de aprendizagem;Diurno;Tenho curiosidade pela Biomedicina ;Muito importante;A falta de estabilidade financeira 
3/27/2025 11:40:30;Sim;entre 15 e 24 anos;Não;Sim;;Parda;04 a 06 salários-mínimos;5 pessoas;Médio completo;Todas em instituição pública;Sim,porque  sempre quis fazer pedagogia.;Matutino;Enfermagem ;Muito importante;
4/15/2025 15:00:54;Sim;entre 15 e 24 anos;Não;Sim;;Branca;Menos de 02 salários-mínimos;5 pessoas;Médio completo;Todas em instituição pública;Sim, porque acredito que a educação é fundamental para o desenvolvimento das pessoas e da sociedade.;Noturno;Odontologia ;Muito importante;O custo do curso de pedagogia em universidades particulares é alto e não está dentro do meu orçamento.
